id,text,bot_classification,bot_score,is_anomaly_iforest,is_anomaly_dbscan,max_similarity,is_duplicate,text_length
1,"seamos mÃ¡s crÃ­ticos al momento de elegir un candidato, pensemos en el PerÃº como una gran empresa, y dÃ©mosle el puesto de gerencia al que este mÃ¡s capacitado, al que tiene mejor hoja de vida, que en este caso es Rafael ğŸ’ª, no dejemos ese puesto a cualquier asnillo porfavor ğŸ™ƒ",Alta sospecha (ambos),2,1,1,0.3845165876999143,0,273
2,"Creo que para ser un gran lÃ­der y amar a tu prÃ³jimo por igual, buscando el bienestar de todos, el Celibato es un requisito, no tendrÃ­as a una familia que anteponer a los demÃ¡s y tus hijos y hermanos son el PUEBLO. Grande Rafael. OjalÃ¡ llegues a ser presidente del PerÃº y demuestres al prÃ³jimo el gran corazÃ³n que tienes.",Sospecha media (uno),1,1,0,0.3217374686275276,0,320
3,Para mÃ­ es el mejor apuesto por el por su conocimiento su trayectoria internacional y su capacidad de resolver investigue la obras que realizado con su plata porque el estado le cerrÃ³ la puerta Peruanos apoyenlo por el momento es el mejor ğŸ‡µğŸ‡ªğŸ’«,Sospecha media (uno),1,0,1,0.42423871529477175,0,242
4,moliendo azÃºcar 12000 mil dÃ³lares.. ğŸ¤£ğŸ˜‚ğŸ˜‚.. voy a comprar mi molino.. porque si trabajo para alguien con 1000 soles de sueldo .. tendrÃ­a que trabajar 4 aÃ±os y eso sin ningÃºn gasto..,Normal,0,0,0,0.4958630626259355,0,179
5,Te admiro mucho seÃ±or Rafael usted es un ejemplo para el perÃº merece ser presidente,Normal,0,0,0,0.44859493872055,0,83
6,"Es maravilloso escuchar el relato de su trayectoria, desde que por primera vez se presentÃ³ supe que es lo que necesita el PerÃº, confÃ­o que por fin empiece a mejorar nuestro PaÃ­s.",Normal,0,0,0,0.35878755752068886,0,178
7,"La Udep es una universidad grande, profesores con otro tipo de visiÃ³n. Es un oasis en el PerÃº donde te concentras en ser mejor. Cero polÃ­tica. Tu mayor preocupaciÃ³n son los exÃ¡menes y la fiesta para celebrar fin de ciclo.",Normal,0,0,0,0.48522289903153093,0,221
8,Su historia tiene muchos vacÃ­os ğŸ¤¨,Normal,0,0,0,0.549919534742727,0,33
9,"totalmente CIERTO sin perseverancia no logras NADA ğŸ˜ el HAMBRE Y LA NECESIDAD es un gran impulso para irte por el BUEN CAMINO O MAL CAMINO, ğŸ’ªğŸ¼ğŸ‘ğŸ¼",Alta sospecha (ambos),2,1,1,0.4072893645032674,0,144
10,te creo?,Normal,0,0,0,0.3135020046619191,0,8
11,"La envidia, la maldad, el egoÃ­smo existe.
Pero usted tranquilo seÃ±or Rafael LÃ³pez Aliaga, mientras usted sea transparente, cuenta con el respaldo de Dios, ya que a Ã‰L le agrada la honestidad y la justicia. Y yo sÃ© que usted con la ayuda de Dios gobernarÃ¡ muy bien el paÃ­s ğŸ‡µğŸ‡ª
Que Dios lo bendiga siempre ğŸ™ ğŸ™Œ",Alta sospecha (ambos),2,1,1,0.3800181418728334,0,306
12,DespuÃ©s de desear que el dÃ³lar suba para ver cÃ³mo desangra la gente humilde jamÃ¡s votarÃ­a x este seÃ±or .,Normal,0,0,0,0.40672567963228795,0,104
13,"Es un hombre brillante. En PerÃº esto no representa al pueblo, el pueblo se siente representado en el â€œprosorâ€ Castillo. Me gustarÃ­a verlo de presidente, pero mejor siga de alcalde en Lima. Porque este paÃ­s no merece gente inteligente en el gobierno.",Normal,0,0,0,0.3485479513452776,0,249
14,"Ho, una persona inteligente, hÃ¡bil y con ganas de ser el primero siempre, eso le llevÃ³ al Ã©xito",Normal,0,0,0,0.4231479839621128,0,95
15,"RAFAEL ESTÃS PTEPARADO PARA SER PRESIDENTE EN EL PERÃš.
ESTAS MIY CAPACITADO.
TIENES EXPERIENCIA EN LOGÃSTICA.
ERES CULTO, AMABLE, MUY PREPARADO. NO ERES CORRUPTO, ERES PERSRVERANTE Y MUY ESTUDIOSO.
TE ELIJO COMO MI PRESIDENTE.
RAFAEL LOPEZ ALIAGA. TODAS LAS BENDIVIONES PARA TI",Alta sospecha (ambos),2,1,1,0.3690914400344125,0,277
16,"Ejemplo de vida de muchos peruanos que tienen limitaciones econÃ³micas para estudiar, y sigues adelante con trabajo y perseverancia",Normal,0,0,0,0.45522539758181463,0,130
17,La UDEP Piura una gran universidad en esa epoca ingresar a ella era dificil y mantenerse tenias q esforzarte mucho. Mis hermanos son egresados.,Normal,0,0,0,0.37569973374677607,0,143
18,"Me conmueve. Lo mejor que nos puede pasar a los peruanos, es tener a Porky como nuestro presidente",Normal,0,0,0,0.3397884263807165,0,98
19,ALGUIEN QUE LOGRA ....LO QUE SE PROPONE!!....RAFAEL LOPEZ ALIAGA PRESIDENTE DEL PERÃš 2026!!....XQ EL PERÃš LO MERECE Y LO EXIGE!!...,Alta sospecha (ambos),2,1,1,0.4427728451879862,0,131
20,asÃ­ es cuÃ¡ndo menos das a los hijos. el que desea conseguir lo que quiere lo logra. lo digo por experiencia por mÃ­ hijo ahora convertido en empresario. por eso padres no les den plato servidos a sus hijos Ã©l que quiere celeste que le cuesta,Normal,0,0,0,0.4037410442941547,0,240
21,"EL AMOR A DIOS Y OA PERSEVERANCIA.
BIEN RAFAEL LÃ“PEZ ALIAGA PRESIDENTE 2026 ğŸ‡µğŸ‡ªğŸ‡µğŸ‡ªâ¤ï¸ğŸ©µ",Normal,0,0,0,0.6904458844715543,0,83
22,mi madre decÃ­a mientras tengas una carrera todo se puede hacer ( soy de ist me hice sola) 10 hermanos todos profesionales. Mientras quieras lo puedes hacer. No hay pretextos.,Normal,0,0,0,0.35624407724900675,0,174
23,HISTORIA DE VIDA REAL! SABE COMOSALIR ADELANTE CON PERSEVERANCIA!!PORKI PRESIDENTE!,Alta sospecha (ambos),2,1,1,0.4881075038238369,0,83
24,"Nadie sabe que fue regidor de CastaÃ±eda, robo ufff millones",Normal,0,0,0,0.3970095438994335,0,59
25,Merece ser presidente .,Normal,0,0,0,0.4420229364963707,0,23
26,grande talento peruano ... un ejemplo de superaciÃ³n es nuestro presidente 2026 Rafael LÃ³pez Aliaga... porky mi voto es tuyo todo v el PerÃº te pide.,Normal,0,0,0,0.3970107969220855,0,147
27,"coincido... el hambre no solo de alimento, si no de querer surgir...progresar y no quedar en el mismo lugar.... el hambre y necesidad van de la mano.. y forjan a grandes personas pero tambiÃ©n las pueden destruir..",Normal,0,0,0,0.4480464186621604,0,213
28,UN GRANDE RAFAEL ..... no cocina mucho de ti en las elecciones pasadas hoy en dÃ­a me saco el sombrero eres el PRESIDENTE QUE NECESITAMOS,Normal,0,0,0,0.4365189395627484,0,136
29,Porky presidente,Normal,0,0,0,1.0,1,16
30,Tengo entendido que se se muele la caÃ±a para hacer el azÃºcar,Normal,0,0,0,0.5015271634786383,0,60
31,Rafael LÃ³pez Aliaga serÃ¡ el mejor presidente del PerÃºğŸ‡µğŸ‡ªğŸ‡µğŸ‡ªğŸ‡µğŸ‡ªğŸ©µğŸ©µ,Normal,0,0,0,0.7524220980362689,0,61
32,Mi porki serÃ¡ presidente quiero apostar a quÃ© la hace,Normal,0,0,0,0.28036182195905357,0,53
33,es verdad soy de colegio nacional universidad nacional y tengo mi propio negocio a punta de esfuerzo trasnochadas amanecidas pero lo logrÃ©,Normal,0,0,0,0.30656472366941384,0,138
34,"toda tu bancada apoyÃ³ a Keiko(Dina), traicionaste mi voto en 1era vuelta.
nunca MÃ¡s",Normal,0,0,0,0.48062528104687496,0,83
35,LÃ³pez Aliaga no es un apellido de alcurnia? gente de mucho dinero,Normal,0,0,0,0.35299216933942273,0,65
36,me convenciÃ³ votarÃ© por el Alcalde de Lima Ing Rafael LÃ³pez Aliaga presidente del PerÃº ğŸ‡µğŸ‡ªğŸ’™ğŸ’™ğŸ’™ğŸ’™,Normal,0,0,0,0.6873256244051782,0,93
37,el que dijo que en el 2026 no va a postular y que su palabra vale oro. Quiere que ahora le crean.plop,Normal,0,0,0,0.3755014124332757,0,101
38,"Castillo ganÃ³ gritando
PEBLO PEBLO PEBLO!!!
A PORKY la gente lo ningunea por ser profesional.
Nos damos cuenta del problema",Sospecha media (uno),1,0,1,0.29651550916078595,0,123
39,"al igual que usted muchos que hemos querido salir adelante nos ha costado,, la vida no es fÃ¡cil para nadie, Pero si quieres surgir te esfuerzas y logras avanzar",Normal,0,0,0,0.2808345912889594,0,160
40,Gente que sabe el valor del esfuerzo y el valor del dinero con sacrificio...y asÃ­ ser un mejor humano...esa gente vale...nadie es perfecto...pero este seÃ±or si se merece ser Presidente del PerÃº,Normal,0,0,0,0.37754494743162853,0,193
41,"PerÃº con RLA: Meritocracia motivadora para jÃ³venes y mayores, asÃ­ como criterio Gerencial para nuestro paÃ­s . Eso sÃ­, con fÃ© cristiana y sensibilidad por nuestros prÃ³jimos.
A elegir bien con Hambre por un PerÃº Mejor !!!",Alta sospecha (ambos),2,1,1,0.3361632394855191,0,219
42,"ejemplo a seguir para los jÃ³venes, perseverancia y bÃºsqueda de una educaciÃ³n real con universidades desligadas del marxismo y el comunismo.",Normal,0,0,0,0.4062495196206664,0,139
43,Mi futuro Presidente! ğŸ«¡,Normal,0,0,0,1.0000000000000002,0,23
44,"El Ã©xitoso es gracias a su esfuerzo, disciplina y trabajo. El que quiere salir de ahÃ­ sale.",Normal,0,0,0,0.493650662779243,0,91
45,Este hombre va hacer crecer el paÃ­s y lo V estabilizar la mÃ¡s de lo que a hecho julioVelarde Rafael LÃ³pez Aliaga Presidente del PerÃº ğŸ˜,Normal,0,0,0,0.5209533313910103,0,134
46,Grande Rafael ejemplo de perseverancia te admiramos !! Por eso serÃ¡s el presidente,Normal,0,0,0,0.5187527996540422,0,82
47,"comprendo lo que dice rafael LÃ³pez Aliaga , cuando me mandaron a una universidad nacional me cambiÃ³ mi chip y me hizo madurar bastante",Normal,0,0,0,0.4897024313945319,0,134
48,No cualquiera se hace millonario si no todos los peruanos fueras millonarios solo lo q se esfuerzan y quieren salir adelante â€¦ doy mi voto,Normal,0,0,0,0.34503135285252534,0,138
49,Cuenta con mi voto este srÃ±or,Normal,0,0,0,0.7152280000774537,0,29
50,"Inspirador, empezÃ³ de abajo y lo hizo solo.ğŸ‘ğŸ‘ğŸ‘ğŸ‘",Normal,0,0,0,0.7174679944936402,0,47
51,"siempre fue primer puesto
se hizo millonario por esfuerzo
eso se hace trabajar duro",Normal,0,0,0,0.4771920779629628,0,83
52,"cualquier cosa que diga Porky los rojos van ha denigrar, incluso su trabajo en Lima, serÃ¡ nuestro presidente en primera vuelta",Normal,0,0,0,0.5151580738196516,0,126
53,"Con dos carreras profesionales, y mucho esfuerzo!!! hoy es un empresario exitoso y ahora dedicar su tiempo y trabajo a mejorar el PerÃº!!!",Alta sospecha (ambos),2,1,1,0.34421300075291317,0,137
54,No hay mejor candidato que Ud. digno representante para nuestro amado PerÃº ğŸ‡µğŸ‡ª,Normal,0,0,0,0.44242306603759973,0,77
55,"Otro acuÃ±a q decÃ­a q dormÃ­an en una sola cama, jajjj",Normal,0,0,0,0.43978218648885187,0,52
56,"en serio,solo se lo crera la gran milagros",Normal,0,0,0,0.32139264065106443,0,42
57,mis respetos para ud siendo primer puesto en la universidad,Normal,0,0,0,0.4943733526510614,0,59
58,Es el mejor candidato que tenemosğŸ‘ espero la gente se de cuenta que es el Ãºnico que puede ayudar al paÃ­s a salir del hoyo,Normal,0,0,0,0.5149887476907906,0,121
59,"ğŸ’–eres el mejor en todo Rafael , Dios te siga bendiciendo en todo momento de tu vida ğŸ’™",Sospecha media (uno),1,0,1,0.3456955275932987,0,85
60,"EXACTO,EL.HAMBRE..RCDO 5 AÃ‘OS NO CENE,LA VELA CAYÃ“ SOPA,MAMÃ BOTO EL AGUADITO,MEDIO PAN CON TÃ‰,ESO FUÃ‰ MI MOTIVACION,EL RESTO LO CONSTRUÃ CON DEDICA..",Normal,0,0,0,0.4480464186621604,0,150
61,"yo tambien sacaba primer puesto , pero no hubo perseverancia . Soy titulada en Farmacia .",Normal,0,0,0,0.4019019809345397,0,89
62,"Cierto l o tina dinero, desde que fujimorileegall la concepciÃ³n de los trenes u el espacio para el hotel en machupicchu ahÃ­ reciÃ©n se volviÃ³ millonario por eso siempre extra agradeciÃ³ con Fiji y Vladimiro",Normal,0,0,0,0.40085142748288627,0,204
63,"Surrealista Rafael, un gran personaje con conocimiento diverso en administraciÃ³n, condiciones le sobran.....ğŸ˜",Normal,0,0,0,0.4245802404961437,0,109
64,DIOS YA TE ESTABA ABRIENDO PUERTAS...ğŸ™,Normal,0,0,0,0.34680007936789276,0,38
65,Presidente si o si,Normal,0,0,0,1.0000000000000002,0,18
66,Vamos cuchiiiiiii ! La esperanza del ğŸ‡µğŸ‡ª,Normal,0,0,0,0.7122262314601238,0,39
67,Porky presidente 2026 sÃ­ o sÃ­ no hay otro con sus cualidades y capacidades,Normal,0,0,0,0.466115250441492,0,74
68,Lopez Aliaga presidente 2026ğŸ‘,Normal,0,0,0,0.7006122437594267,0,29
69,Exacto es inteligente y habil y perseverante exacto y lo que se propone lo cumple,Normal,0,0,0,0.398426840567746,0,81
70,"@PERÃš:Mi primera votaciÃ³n serÃ¡ para Rafael LÃ³pez Aliaga, VAMOS PORKY ğŸ’™ğŸ‡µğŸ‡ªğŸŒŠ !",Alta sospecha (ambos),2,1,1,0.6468559886599786,0,75
71,Sin lugar a dudas un gran ejemplo este hombre ğŸ˜,Normal,0,0,0,0.4969983890496539,0,47
72,Rafael un gran ser humano que ama su patria y su gente. Bendiciones,Normal,0,0,0,0.7195649653484179,0,67
73,"QuÃ© te digo, luchador. MÃ¡s floroooo",Normal,0,0,0,0.3571230007410497,0,35
74,es cierto. en la udep en el baÃ±o siempre encuentras papel higiene y nadie se lo lleva,Normal,0,0,0,0.36310342662086686,0,85
75,Aliaga presidente,Normal,0,0,0,1.0,0,17
76,"perseverancia, disciplina, esfuerzo, se puede lograr mucho , Dios quiera que seas nuestro prÃ³ximo presidente â¤ï¸ğŸ™",Normal,0,0,0,0.3124039592915282,0,112
77,ğŸ¥°EL EXITO SOLO SE CONSIGUE CON EL PROPIO ESFUERZO. ğŸ¥°,Normal,0,0,0,0.4527725960006296,0,52
78,mi futuro Presidente del PerÃº!!!,Normal,0,0,0,0.9698488188747741,0,32
79,"Una inspiraciÃ³n total, interesante testimonio...",Normal,0,0,0,0.437107878223804,0,48
80,Porki presidente de PerÃº en primera vuelta vamos PerÃº,Normal,0,0,0,0.6275483267415028,0,53
81,QUE MARAVILLA TENERTE EN NUESTRO PRESENTE Y FUTURO. GRACIAS POR TU GENEROSIDAD. DIOS NOS SIGA BENDICIENDO,Normal,0,0,0,0.3456955275932987,0,105
82,escuchemos bien PERSEVERANCIA...una persona muy preparada,Normal,0,0,0,0.5713440560898185,0,57
83,el esfuerzo el sacrificio la perseverancia etc son premiad con el Ã©xito,Normal,0,0,0,0.4527725960006296,0,71
84,es muy bueno que se hizo empresario con su propio trabajo y esfuerzo ejemplo para jÃ³venes,Normal,0,0,0,0.31147211608310316,0,89
85,VAMOS PORKYY,Sospecha media (uno),1,1,0,0.7122262314601238,0,12
86,lo que me sorprende de este alcalde de lima es su velocidad para hacer obras....nunca vÃ­ algo asÃ­ en ninguna otra autoridad,Normal,0,0,0,0.3326984020380947,0,123
87,"OjalÃ¡ sea Presidente del PerÃº, serÃ­a nuestra salvacion",Normal,0,0,0,0.4584554226245319,0,54
88,mi voto es para Porky,Normal,0,0,0,0.6366353332499076,0,21
89,excente un presidente de lujo,Normal,0,0,0,0.42867536956698654,0,29
90,ESE ES MI CANDIDATO,Normal,0,0,0,0.541487096664335,0,19
91,RLA Presidente del PerÃº 2026 ğŸ‡µğŸ‡ª,Normal,0,0,0,0.725671776906807,0,31
92,presidente si o si ğŸ‡µğŸ‡ªğŸ™ğŸ‡µğŸ‡ªğŸ™,Normal,0,0,0,1.0000000000000002,0,25
93,dÃ³nde estÃ¡ milagro Leiva lo extraÃ±o para ver sus noticias porfa,Normal,0,0,0,0.2624760704399064,0,63
94,asi hay .unos que trabajas y estudian. todo depende de lo quieras. el esfuerzo y sacrificio se ven en el futuro. en la vida nada es gratis ni fÃ¡cil.,Normal,0,0,0,0.46673619498835167,0,148
95,Rafael LÃ³pez Aliaga Presidente ğŸ‡µğŸ‡ª,Normal,0,0,0,1.0000000000000002,0,33
96,"Porki hace 40 aÃ±os ya era viejo, esto es alucinante.",Normal,0,0,0,0.3752044143409856,0,52
97,Que buen ejemplo para lis que quieren que todo les dÃ© el estado,Normal,0,0,0,0.33266043322515065,0,63
98,siempre fuiste un Ã©xito ! grande presidente,Normal,0,0,0,0.32564517823706,0,43
99,ES UN EJEMPLO TERRENALğŸ‘,Normal,0,0,0,0.569013113139071,0,23
100,"El peruano que triunfa es envidiado tambiÃ©n por otros peruanos. Solo los que tienen existo en su vida profesional y de negocios saben todo el esfuerzo, lÃ¡grimas y sacrificio q hay en el camino.",Normal,0,0,0,0.46673619498835167,0,193
101,"siempre dijo: los hombres exitosos son los que se forjaron desde abajo,a base de esfuerzo y perseverancia.",Normal,0,0,0,0.5069043126211934,0,106
102,"Para mi el mejor candidato para presidente del PerÃº, en Lima en solo 3 aÃ±os nunca hubo alcalde con tal cantidad de obras q la prensa mermelera no cubre",Normal,0,0,0,0.41195222208898014,0,151
103,"Este caballero inteligente, tenaz necesita el PerÃº. Dios permita que Usted sea mi Presidente ğŸ™ğŸ¥°",Normal,0,0,0,0.4233139298339827,0,95
104,"todos piensan que es suerte cuando estas en la sima, pero nadie vio el esfuerzo y sacrificio para lograr eso",Normal,0,0,0,0.3310833729452763,0,108
105,es millonario por su esfuerzo PORKI presidente,Normal,0,0,0,0.5178837017466997,0,46
106,Porki te voy a dar mi voto esperÃ³ que no me decepciones presidente,Normal,0,0,0,0.4952671014315618,0,66
107,porki es clave,Normal,0,0,0,0.6157439554002343,0,14
108,lo admiro mucho porki,Normal,0,0,0,0.6410044270367168,0,21
109,porky es un genio. serÃ­a un lujo tenerlo de presidente.,Normal,0,0,0,0.5422085809832988,0,55
110,bendiciones ğŸ¦‹â¤â¤ alcalde mi corazÃ³n confÃ­a en usted â¤â¤ serÃ¡ un buen presidente bâ¤ï¸â€ğŸ©¹â¤ï¸â€ğŸ©¹â¤ï¸â€ğŸ©¹,Alta sospecha (ambos),2,1,1,0.39963416348266984,0,91
111,Inspirador,Normal,0,0,0,0.0,0,10
112,Es el mejor candidato que hay hasta el momento .,Normal,0,0,0,0.4826778246536825,0,48
113,"asi.es Rafael, bien Pr3sodente",Normal,0,0,0,0.438573642131265,0,30
114,Porky ejemplo de lider y superacion,Normal,0,0,0,0.5351734635171463,0,35
115,RLA 2026 ğŸ‡µğŸ‡ªâœ”,Normal,0,0,0,0.7814766171001157,0,12
116,yo para que mejore la economia notaria por El,Normal,0,0,0,0.3964459135523431,0,45
117,...lo comparo con acuÃ±a y me pongo a llorar...,Normal,0,0,0,0.5154044299207918,0,46
118,Rafael LÃ³pez Aliaga Presidente,Normal,0,0,0,1.0000000000000002,0,30
119,la gente que critica es gente renegada de la vida. la perseverancia es el secreto,Normal,0,0,0,0.47341812870671907,0,81
120,Rafael tienes mi voto y la de mi familia te apoyamos y seguiremos orando por usted,Normal,0,0,0,0.602732592878299,0,82
121,Mi papa no tenia plata jajajakajajajajajajaj Siiiii JUANNN,Normal,0,0,0,0.7331343297337024,0,58
122,"la perseverancia,trabajo en equipo y tener una meta clara,tener valores ğŸ‘Œ y sobre todo tener a Dios como guÃ­a lo es todo.",Normal,0,0,0,0.36207837900952905,0,121
123,deben aprender los rojos,Normal,0,0,0,0.4078445939837512,0,24
124,"Lo felicito RLA.
Buena experiencia que lo ayudo a formarse.",Normal,0,0,0,0.41454122482969696,0,59
125,"Gran ser Humano.
RLA 2026",Normal,0,0,0,0.7889049716602151,0,25
126,"ğŸ¤” me lo tomarÃ© con calma, harÃ© mi tarea y me pondrÃ© a estudiar a todos los candidatos.",Normal,0,0,0,0.5154044299207918,0,86
127,porky es lo mejor,Normal,0,0,0,0.43064102317891956,0,17
128,"eso se llama resiliencia, bravo Rafael eres admirableğŸ‘ğŸ»ğŸ‘ğŸ»ğŸ‘ğŸ»ğŸŒ»",Normal,0,0,0,0.3490600211735849,0,60
129,"Capo Rafa, que orgullo siga adelante",Normal,0,0,0,0.4434246536297466,0,36
130,El PerÃº tiene la oportunidad de tener un presidente de este nivel. SerÃ­a una gran oportunidad para todos los peruanos.,Normal,0,0,0,0.32867135169819983,0,118
131,PerseveranteğŸ’ªğŸ»,Normal,0,0,0,0.8569183097424258,0,14
132,Rafael Presidente,Normal,0,0,0,1.0,0,17
133,grande Mi presidente,Normal,0,0,0,0.8290868492603628,0,20
134,excelente mi presidente,Normal,0,0,0,0.8481943266610636,0,23
135,porky es el Ãºnico que puede sacar adelante a este pais,Normal,0,0,0,0.6070429756814836,0,54
136,"Claro que si Se. Rafael mi respeto y admiraciÃ³n siempre, bendiciones ğŸ™ğŸ™ğŸ’•ğŸ’•ğŸŒ·ğŸŒ·",Normal,0,0,0,0.3208796374420459,0,75
137,florazo,Normal,0,0,0,0.8989224625031544,0,7
138,Un gran ser humanoâ¤ï¸â¤ï¸â¤,Normal,0,0,0,0.7889049716602151,0,23
139,Profesores europeos en la de Piura ğŸ˜³ğŸ˜³ x Dios esa universidad estÃ¡ mÃ¡s atrasada,Normal,0,0,0,0.5922906615295517,0,78
140,otro castillo contando como y donde hacia sus necesiddes biolÃ³gicasğŸ˜…ğŸ˜…ğŸ˜,Normal,0,0,0,0.3303032367069097,0,70
141,"Es el mÃ¡s adecuado para ser presidente del PerÃº. capacidad, conocimiento, y vocaciÃ³n de servicio. AdemÃ¡s se ha hecho solo y en condiciones difÃ­ciles",Normal,0,0,0,0.3730721254187418,0,148
142,Algo nuevo no sabÃ­a que se muere la azÃºcar,Normal,0,0,0,0.4739926999297369,0,42
143,Porky presidente ğŸ©µğŸ©µğŸ©µğŸ©µ,Normal,0,0,0,1.0,0,21
144,Chiclayo es claveğŸ˜,Normal,0,0,0,0.6157439554002343,0,18
145,Ya siendo del opus es lo mÃ¡ximo ellos son sÃºper ordenados y muy decididos mi voto para le de todas maneras âœŒï¸bien Rafael tu si me representas ğŸ‘ğŸ» eres un hombre inteligente y honesto y estoy segura que saldremos de esto ğŸ‘ğŸ»,Alta sospecha (ambos),2,1,1,0.30286487932430667,0,221
146,Lo Admiro Rafael,Normal,0,0,0,0.6410044270367168,0,16
147,"YA PERO EL BURRO NI DINA RENUNCIARIARON AL SUELDO , Y KEIKO CONTROLA EL UNIVERSO ğŸ¤£",Normal,0,0,0,0.3051419564704469,0,82
148,el futuro Presidente del PerÃº,Normal,0,0,0,0.9651413350032974,0,29
149,con ese corazon grande dios te ilumino y fuiste un hombre de bien muy sencillo y humano Diosito te siga bendiciendo,Normal,0,0,0,0.3344513183047649,0,115
150,,Normal,0,0,0,0.0,1,0
151,PerÃº serÃ¡ un gran paÃ­s con Porky,Normal,0,0,0,0.4245802404961437,0,32
152,Futuro Presidente del PerÃº RLA,Normal,0,0,0,0.8988172662731733,0,30
153,"Ya, Porky antes q seas presidente te debo un cevichito frente a la Pedro, no te olvides de el terminal puerto Eten .",Normal,0,0,0,1.0000000000000002,1,116
154,RAFAEL PRESIDENTE!!!,Alta sospecha (ambos),2,1,1,1.0,0,20
155,Bien mi presidente,Normal,0,0,0,0.8481943266610636,0,18
156,Es un buen ejemplo todo se puede en esta vida ğŸ‘ğŸ‘ğŸ‘,Normal,0,0,0,0.34982673911841894,0,49
157,,Normal,0,0,0,0.0,1,0
158,"vamos Porky no seas una falla,vas a salir",Normal,0,0,0,0.6229417884065818,0,41
159,"QUE EJEMPLO DEL ""FLACO LÃ“PEZ"" EL HAMBRE ES MOTIVADOR...SOLO PARA LO QUE HEMOS PASADO",Normal,0,0,0,0.40107687614112425,0,84
160,Mi hijo de 14 aÃ±os tiene un pensamiento parecido que como es buen estudiante puede postular a la U mÃ¡s prestigiosa de Lima pero becado pues el cerebro te ayuda mucho ahora estÃ¡ x postular al COAR para forjar su futuro !!!,Alta sospecha (ambos),2,1,1,0.37680332990350596,0,221
161,ES BUENA UNIVERSIDAD HAY MUCHOS EXTRANJERO QUE ESTUDIAN AHI,Normal,0,0,0,0.49437675821572347,0,59
162,porki presidente ğŸ¤—,Normal,0,0,0,1.0,0,18
163,"Wow, asÃ­ deberÃ­an estar calificados los alcaldes y presidentes",Normal,0,0,0,0.8939550819955193,0,62
164,Primera vez que lo escucho hablar que no sea de polÃ­tica y se le ve alguien con criterio y muy leÃ­do.,Normal,0,0,0,0.29079032168926844,0,101
165,"Bien Rafael, ya estÃ¡ mostrando su compromiso SIN COBRAR SUELDO estÃ¡ en la alcaldia",Normal,0,0,0,0.44783826820557143,0,82
166,"Quiero ser parte, cuando seas presidente
Un eslabÃ³n, amÃ©n!",Normal,0,0,0,0.28383236511592763,0,58
167,Si Ud es una persona muy trabajadora esperamos reciba nuestra invitaciÃ³n,Normal,0,0,0,0.5713440560898185,0,72
168,Porky â¤,Normal,0,0,0,1.0,0,7
169,"estoy contigo Lopes Aliaga, con perseverancia se logra todo ğŸ‘ğŸ‘ğŸ’ªğŸ’ªğŸ™",Normal,0,0,0,0.23136705229140903,0,65
170,yo lo terminÃ© en 4 aÃ±os y 10 meses,Normal,0,0,0,0.27115393411876987,0,34
171,cÃ³mo que Porky es de la Pedro :v,Normal,0,0,0,0.4024064619550395,0,32
172,Gente compartan los videos. es necesarioğŸ‘,Normal,0,0,0,0.5611789493732378,0,41
173,presidente pork,Normal,0,0,0,0.856857703017331,0,15
174,Vamos porky mi voto es por ti,Normal,0,0,0,0.6366353332499076,0,29
175,Rafael LÃ³pez Aliaga presidente del PerÃº en primera vuelta,Normal,0,0,0,0.8711346418962261,0,57
176,Piura siempre adelante,Normal,0,0,0,0.37186586728027615,0,22
177,yyy los caviares??,Alta sospecha (ambos),2,1,1,0.8101949268074616,0,18
178,"si no ha hecho nada en Lima, lo harÃ¡ para PerÃº",Normal,0,0,0,0.3730721254187418,0,46
179,Yo tambiÃ©n usÃ© gÃ¡malate es muy buena.,Normal,0,0,0,0.4973295508344346,0,37
180,Tocando fibras de sensibilidad pero el OPUS TE DA MUCHA SIBERBIA Y CREN EN SU PODER HUMANO PERO NO EN EL PODER DE DIOS Y EN LA HUMILDAD,Normal,0,0,0,0.3953246347973858,0,135
181,tiene mi voto !!!,Sospecha media (uno),1,0,1,0.8568325703245789,0,17
182,La clÃ¡sica hay que convencer.,Normal,0,0,0,0.7640685031214588,0,29
183,"SeÃ±or LÃ³pez Aliaga es un ejemplo de perseverancia, de fe y que con estudio y talento se puede lograr muchas cosas buenas en la vida. Dios lo bendiga",Normal,0,0,0,0.4201619209079916,0,148
184,bien Rafael,Normal,0,0,0,1.0,0,11
185,Por fin tenemos el candidato que siempre esperamos . Dios lo guÃ­e Rafael,Normal,0,0,0,0.3276063946222482,0,72
186,Lopes Aliaga presidente,Normal,0,0,0,1.0,0,23
187,un gran hombre sus argumentos fluidos el desenvolvimiento es elocuente sinÃ³nimo de un hombre .uy inteligente y probÃ³ ok ğŸ«±,Normal,0,0,0,0.5665281732488214,0,121
188,Perseverante y con equipoğŸ’ªğŸ’ª,Normal,0,0,0,0.8569183097424258,0,27
189,Porky la mejor opciÃ³n,Normal,0,0,0,1.0,1,21
190,Felizmente que no fuiste a la Catolica !!!,Normal,0,0,0,0.42371842659188835,0,42
191,en 1ra vuelta presidente del PerÃº,Normal,0,0,0,0.6694706884341646,0,33
192,este es un gran tipo,Normal,0,0,0,0.5428388597967141,0,20
193,mejor di si mi abuelita estarÃ­a viva,Normal,0,0,0,0.36013682960345395,0,36
194,"Jorge Luna, te veo en todas.",Normal,0,0,0,0.32000811235813503,0,28
195,"desde abajo, osea desde el infierno",Normal,0,0,0,0.9238745748875967,0,35
196,como hay gente que lee cree,Normal,0,0,0,0.47259875124597833,0,27
197,Somos Porky,Normal,0,0,0,0.780467427696117,0,11
198,POR QUE M BLINDARON A DINA...,Normal,0,0,0,0.3122702415022167,0,29
199,"Rafa ,,Que Buena MOTIVACION Para Este Seguidor Tuyo , y OjalÃ¡ Lo Tomen Muchas JUVENTUDES !!!...Yesssss....",Alta sospecha (ambos),2,1,1,1.0,1,106
200,"No estaba segura de votar por Rafael Aliaga, pero analicemos, el tiene estudios, capacidad de gestiÃ³n, experiencia y esto es lo mÃ¡s importante y creo que piensa hacer lo mejor por el PerÃº. Y tambiÃ©n paso por necesidad y entiende y sabe lo que se siente pasar por necesidad. Creo que es la mejor opciÃ³n hasta el momento. Pensemos en el PerÃº. Persona perfecta no hay, todos tenemos defectos. Y creo que la mejor opciÃ³n hasta el momento el Rafael Aliaga. Vamos Rafael Presidente.",Alta sospecha (ambos),2,1,1,0.42363979752732606,0,476
201,"...@........HERJSIL es una startup que democratiza el acceso a oportunidades, visibilizando a empresas compradoras y MIPYMES proveedoras en todo el paÃ­s.
Eliminamos la intermediaciÃ³n y el direccionamiento, erradicamos la corrupciÃ³n de los procesos comerciales, apostamos por la transparencia, trazabilidad e integridad como pilares de desarrollo sostenible.
Con HERJSIL, los negocios son Ã¡giles, confiables y competitivos, junto a nuestros clientes y aliados estratÃ©gicos estamos creando un ecosistema empresarial que genera confianza, atrae inversiÃ³n y fortalece la base productiva del PerÃº y Latam.
Â¡Es momento de transformar juntos la manera de hacer empresa!",Alta sospecha (ambos),2,1,1,0.38689851065696873,0,662
202,"admirable su deseo de salir adelante y lo logro honradamente,el mejor candidato para el PerÃº ğŸ©µ",Normal,0,0,0,0.38068462333159875,0,94
203,potencia mundial jejejeğŸ˜‚ğŸ˜‚ğŸ˜‚,Normal,0,0,0,1.0,0,26
204,vino desde abajo con MONTESINOS,Normal,0,0,0,1.0,1,31
205,"****Mi futuro Presidente, si lo tocan la poblaciÃ³n se va levantar como unos lobos***",Normal,0,0,0,1.0,1,84
206,Que tal libreto y como la prensa vendida lo auspicia toda se la saben corrupciÃ³n nada mÃ¡s,Normal,0,0,0,1.0,1,89
207,cÃ³mo hago para hablar con Rafael a dÃ³nde tengo que ir,Normal,0,0,0,1.0000000000000002,1,53
208,que carrera estudio en la universidad Pedro ruiz gallo de lambayeque..?,Normal,0,0,0,0.4943733526510614,0,71
209,"Es el Ãºnico que sabe, es el Ãºnico que sabe como. ğŸ’ª",Normal,0,0,0,1.0000000000000002,1,50
210,capo!,Sospecha media (uno),1,1,0,1.0,1,5
211,ver violencia? hoy hay mas violencia y no haces nada,Sospecha media (uno),1,1,0,1.0,1,52
212,"Vamos porky, se como es tu historia y serias lo mejor para el PerÃº",Normal,0,0,0,1.0000000000000002,1,66
213,Arriba Piura _ chiclayo- PerÃºğŸ‘ ğŸ’ª,Sospecha media (uno),1,0,1,0.44787667650863555,0,32
214,La Udep la mejor ğŸ¥°ğŸ¥°ğŸ¥°,Normal,0,0,0,0.448068810069437,0,20
215,Bravooooooo!!!Rafael presidente!!,Alta sospecha (ambos),2,1,1,1.0,0,33
216,PORKY PRESIDENTE,Alta sospecha (ambos),2,1,1,1.0,1,16
217,ejemplo de ser humano ğŸ’ªğŸ’™ğŸ’ªğŸ’™,Normal,0,0,0,0.5351734635171463,0,26
218,me cae exelente este seÃ±or votarÃ© por el,Normal,0,0,0,0.451691103271452,0,40
219,molia azÃºcar? era dueÃ±o de alguna fabrica o alquilaba,Sospecha media (uno),1,1,0,1.0,1,53
220,Alguien de pueblo y univ estatal q se esforzo como muchos jovenes siguen lichando ahora. Asi q no nos equivoquemos al votar otra vez ğŸ˜,Sospecha media (uno),1,1,0,1.0000000000000002,1,134
221,"ğŸ‘ŒğŸ‘ŒğŸ’•lo mÃ¡ximo, mi futuro presidente ğŸ¥°ğŸ¥°ğŸ™ğŸ™",Alta sospecha (ambos),2,1,1,1.0,1,39
222,asÃ­ se hacen grandes con esfuerzo,Normal,0,0,0,1.0000000000000002,1,33
223,Grande Rafael!,Normal,0,0,0,1.0000000000000002,1,14
224,Ejemlo a seguir,Normal,0,0,0,1.0,1,15
225,Quien se hizo millonario trabajando ese cuento de RLA,Normal,0,0,0,1.0000000000000002,1,53
226,yo vine a vender en un mercado y a estivar para poder tener pasaje e ir a una Nacional tambien.,Normal,0,0,0,1.0,1,95
227,el Papa no lo recibiÃ³ ... punto,Normal,0,0,0,1.0000000000000002,1,31
228,y lo que te regalÃ³ Fujimori?,Normal,0,0,0,1.0,1,28
229,que me den la concesiÃ³n de los ferrocarriles y me vuelvo empresario,Normal,0,0,0,1.0000000000000002,1,67
230,"jiji, cualquiera le cree",Normal,0,0,0,1.0000000000000002,1,24
231,Los chiclayanos lo recordamos asÃ­.,Normal,0,0,0,1.0000000000000002,1,34
232,desde abajo ğŸ˜‚,Normal,0,0,0,0.9238745748875967,0,13
233,Casi lloro ğŸ˜,Normal,0,0,0,0.0,0,12
234,Porky presidente,Normal,0,0,0,1.0,1,16
235,porkyyy unicooooo,Normal,0,0,0,0.0,0,17
236,Excelente ğŸ«¶,Normal,0,0,0,0.0,0,11
237,Rafael presidente en primera vuelta â™¥â™¥,Normal,0,0,0,0.7769423571239653,0,38
238,Porky presidente 2026,Normal,0,0,0,1.0000000000000002,0,21
239,"Eres un crack!
No cualquiera sale de la UDEP en 4 aÃ±os.",Normal,0,0,0,1.0000000000000004,1,55
240,quieras o no rafael sera nuestro presidente 2026,Normal,0,0,0,1.0,1,48
241,Ni pizca de lo que dices que era en antaÃ±o. Corruptos al mango la unp,Normal,0,0,0,0.439702112048856,0,69
242,...y serÃ¡s el mejor presidente del PerÃº y en primera vuelta ğŸ‘,Normal,0,0,0,1.0,1,61
243,porque le faltBs puntos para ser becado,Normal,0,0,0,1.0000000000000002,1,39
244,algun detractor?,Alta sospecha (ambos),2,1,1,0.0,1,16
245,"Vamos Rafael, serÃ­a un lujo tenerte de Presidente del PerÃº ğŸ‡µğŸ‡ª",Normal,0,0,0,0.5422085809832988,0,61
246,vamos sr. presidente LÃ³pez Aliaga,Normal,0,0,0,1.0000000000000002,1,33
247,Porky presidente ğŸ‡µğŸ‡ªğŸ’ª,Normal,0,0,0,1.0,0,20
248,Rafael presidente,Normal,0,0,0,1.0,1,17
249,LÃ³pez ALIAGA PRESIDENTE ğŸ‡µğŸ‡ªğŸ‡µğŸ‡ªğŸ‡µğŸ‡ªğŸ‡µğŸ‡ªğŸ‡µğŸ‡ªğŸ‡µğŸ‡ª,Normal,0,0,0,0.8531531071421588,0,36
250,quien le cree,Normal,0,0,0,1.0000000000000002,1,13
251,Porky 2026,Normal,0,0,0,1.0,1,10
252,grande rafael,Normal,0,0,0,1.0000000000000002,0,13
253,Porky es clave,Normal,0,0,0,0.6027604764056209,0,14
254,Porki Presidente,Normal,0,0,0,1.0,0,16
255,Rafael lopez aliaga presidente,Normal,0,0,0,1.0000000000000002,0,30
256,libertad latamm,Normal,0,0,0,0.0,0,15
257,Porky presidente,Normal,0,0,0,1.0,1,16
258,Rafael presidente,Normal,0,0,0,1.0,1,17
259,"Y cuando se trepÃ³ al gobierno corrupto de Fujimori, para que tenga la fortuna corrupta?",Sospecha media (uno),1,1,0,1.0,1,87
260,La UNPRG no es de chiclayo pues Rafael... es de LAMBAYEQUE...,Normal,0,0,0,0.4024064619550395,0,61
261,Rafael Presidente...,Normal,0,0,0,1.0,1,20
262,12 mil $ moliendo azÃºcar â€¦ le creen â€¦? Jajaja,Normal,0,0,0,0.6920156442610254,0,45
263,PORKY PRESIDENTE,Alta sospecha (ambos),2,1,1,1.0,1,16
264,presidente presidente Rafael,Normal,0,0,0,0.856857703017331,0,28
265,Grande Rafael mi prÃ³ximo PRESI,Normal,0,0,0,0.7477606746201952,0,30
266,Porky 2026 â¤ï¸ğŸ‡µğŸ‡ªâ™¥ï¸ğŸ©µğŸ©µ,Normal,0,0,0,1.0,1,19
267,Mi futuro Presidente ğŸ‡µğŸ‡ªğŸ‡µğŸ‡ªğŸ‡µğŸ‡ª,Normal,0,0,0,1.0000000000000002,0,27
268,EMPRESARIO JAJAJJAJAJAJ,Sospecha media (uno),1,1,0,0.6674096271160591,0,23
269,UN CRACK ğŸ˜,Normal,0,0,0,0.47156291045821097,0,10
270,Futuro presidente del PerÃº.,Normal,0,0,0,0.9651413350032974,0,27
271,RAFAEL PRESIDENTE,Sospecha media (uno),1,1,0,1.0,0,17
272,HahahağŸ˜‚ğŸ˜‚ğŸ˜‚ğŸ˜‚,Sospecha media (uno),1,1,0,0.0,1,10
273,Porky presidente,Normal,0,0,0,1.0,1,16
274,RLA Presidente!,Normal,0,0,0,0.8972467753290048,0,15
275,ğŸ˜ˆğŸ˜ˆ,Normal,0,0,0,0.0,1,2
276,PORKI presidente ğŸ’¯,Normal,0,0,0,1.0,0,18
277,"este tÃ­o ha sido de plata, es blanco y tiene buen apellido, sino que quiere pegarla de que saliÃ³ de la pobreza",Normal,0,0,0,0.42850561625529476,0,110
278,Porky 2026,Normal,0,0,0,1.0,1,10
279,Rafita fue profe de la UNI,Normal,0,0,0,0.41990999629882164,0,26
280,Â¡ PORKY PRESIDENTE !,Alta sospecha (ambos),2,1,1,1.0,0,20
281,Rafael presidente un hombre con valores,Normal,0,0,0,1.0,1,39
282,No pasa Nada,Normal,0,0,0,0.6953142805484323,0,12
283,estÃ¡ elecciÃ³n voto x ti Porky,Normal,0,0,0,0.508371357443069,0,29
284,Rafael LÃ³pez Aliaga presidente del PerÃº,Normal,0,0,0,1.0,0,39
285,el que quiere salir adelante se esfuerza se sacrifica para luego ver los buenos resultados,Normal,0,0,0,0.493650662779243,0,90
286,"Se hizo millonario comprando chatarra alquilando playas artificiales, etc...",Normal,0,0,0,0.7173908100795737,0,76
287,"Rafael es un hombre ejemplar., Presidente 2026.ğŸ‡µğŸ‡ª",Normal,0,0,0,0.5266351443551897,0,49
288,"no estoy en contra de el no veo ninguna obra que haya hecho para lima menos que haya cumplido sus promesas, y de gestiÃ³n publica cero",Normal,0,0,0,0.3841836376209086,0,133
289,"nunca votaria por prky, por que si como alcalde no hiso nada como presidente tampoco hara nadağŸ˜‚ğŸ˜‚",Normal,0,0,0,0.4354574771406383,0,96
290,porky presidenteğŸ¥°ğŸ¥°,Normal,0,0,0,1.0,0,18
291,"Enserio existe gente que aun cree en el, pese a que se sabe lo corrupto que es. Â¿QuÃ© les pasa?",Normal,0,0,0,0.45504405416295957,0,94
292,el 12 de eoctubre se confirma el gran fracazo de porky oficial. Potencia brutal....,Normal,0,0,0,0.4971312530426702,0,83
293,Rafael LÃ³pez Aliaga eres un hombre sabio y lo principal tienes a dios en el corazÃ³n â¤ï¸presidente 2026,Normal,0,0,0,0.5345994279997127,0,101
294,Rafael LÃ³pez Aliaga serÃ­a un Presidente de lujo. Si revisan la lista de candidatos y sus hojas de vida no hay uno que se acerque por lo menos al 20% de los conocimientos y experiencia laboral que tiene. Llama la atenciÃ³n su gran capacidad de gestiÃ³n. Los que desmienten sus obras se oponen al desarrollo sin comprender que es indispensable el bienestar familiar.,Sospecha media (uno),1,1,0,0.3887435000413732,0,362
295,la verdad yo desdÃ© argentina tiene apoyo,Normal,0,0,0,0.3705887331296816,0,40
296,ğŸ‘ğŸ‘ğŸ‘ğŸ¥°ğŸ¥°ğŸ¥°ğŸ¥° bien ..viva Rafael LÃ³pez Aliaga... presidente del PerÃº â™¥ï¸â™¥,Sospecha media (uno),1,0,1,0.8480925691886472,0,66
297,LIMA POTENCIA BRUTAL ğŸ˜‚,Sospecha media (uno),1,1,0,0.7575179168746132,0,22
298,hermosa historia ğŸ¥°ğŸ¥°ğŸ¥°ğŸ¥°ğŸ¥°ğŸ¥°,Normal,0,0,0,0.5537706697544942,0,23
299,PORKY PRESIDENTE,Alta sospecha (ambos),2,1,1,1.0,1,16
300,Doble discurso ğŸ˜‚,Normal,0,0,0,0.0,0,16
301,Ningun candidato tiene estos mÃ©ritos â€¦mÃ¡s aÃºn estÃ¡ haciendo polÃ­tica por el PerÃº ..y por el amor a Dios,Normal,0,0,0,0.394565299305773,0,103
302,Bien Rafael,Normal,0,0,0,1.0,0,11
303,Bien Porki ğŸ‘ğŸ‘,Normal,0,0,0,0.443962588144807,0,13
304,ğŸ¤£ğŸ¤£ğŸ¤£ğŸ¤£ğŸ¤£ğŸ¤£ Hay pobrecitoo,Normal,0,0,0,0.7640685031214588,0,21
305,ğŸ‡µğŸ‡ª ğŸ‡µğŸ‡ª ğŸ‡µğŸ‡ª SOMOS LOS MEJORES ğŸ‡µğŸ‡ª ğŸ‡µğŸ‡ª ğŸ‡µğŸ‡ª,Alta sospecha (ambos),2,1,1,0.780467427696117,0,35
306,nunca mÃ¡s,Normal,0,0,0,0.45345182788542,0,9
307,vamos porki ğŸ’™ no hay mÃ¡s ğŸ’™,Sospecha media (uno),1,0,1,0.4140541858363234,0,26
308,RAFAEL PRESIDENTE 2026 ğŸ’™ğŸ’™ğŸ’™,Alta sospecha (ambos),2,1,1,1.0,1,26
309,aku di mana,Normal,0,0,0,0.0,0,11
310,Rafael LÃ³pez Aliaga presidente del PerÃº 2026,Normal,0,0,0,0.8781880200196681,0,44
311,voy a votar por ti,Normal,0,0,0,0.31031468411997637,0,18
312,"Ser perseverante no es igual a ser inteligente, aunque muchos no distingan bien la diferencia, por eso dicen que su gestiÃ³n municipal es buena, a pesar de haber comprado alimentos en mal estado y chatarras, haciendo piscinas insalubres y obras a medio construir.
Confunden a lo que se le podria llamar eficacia, a lo mucho, con eficiencia, pero como buen empresario que vende humo, ataranta a muchos diciendo que es un genio para solucionar problemas, pero de quÃ© manera?",Alta sospecha (ambos),2,1,1,1.0,1,471
313,LA HISTORIA Q SE CONOCE ES Q CIPRIANI PAGO SU UNIVERSIDAD .,Normal,0,0,0,0.5537706697544942,0,59
314,Rafael LÃ³pez Aliaga prÃ³ximo presidente del PerÃº 2026,Normal,0,0,0,0.9084270358233812,0,52
315,AmÃ©n ğŸ™ğŸ™Œ Dios lo Bendiga Siempre Ing Rafael LÃ³pez Aliaga ğŸ¤ğŸ‘ğŸ‘ğŸ‘ Un Valiente Peruano ğŸ‡µğŸ‡ªğŸ’ª ğŸ’ª Trabajador y Perseverante ğŸ’ªğŸ‡µğŸ‡ªğŸ™ŒğŸ™ Bendiciones ğŸ™ğŸ™Œ,Alta sospecha (ambos),2,1,1,0.5057802543836036,0,133
316,tendrÃ¡s mi voto,Normal,0,0,0,0.8568325703245789,0,15
317,universidad de Piura es la voz,Normal,0,0,0,0.5922906615295517,0,30
318,Rafael LÃ³pez Aliaga serÃ¡ presidente!!!,Normal,0,0,0,0.7973446060674828,0,38
319,"Profe Rafael, cuentan mis viejos profesores que se enseÃ±aron en la UDEP de Piura no llegabas a clases?",Sospecha media (uno),1,1,0,1.0,1,102
320,"VOTO RESPONSABLE, VOTO SÃ“LIDO",Sospecha media (uno),1,1,0,0.6100303235526199,0,29
321,ğŸ‡µğŸ‡ª RAFAEL LOPEZ ALIAGA PRESIDENTE DEL PERU EN PRIMERA VUELTA ğŸ‡µğŸ‡ª,Alta sospecha (ambos),2,1,1,0.6181915684434567,0,63
322,Rafael LÃ³pez Aliaga futuro presidente del PerÃº ğŸ‡µğŸ‡ª 2026,Normal,0,0,0,0.8399170102861248,0,54
323,Por quÃ© dicen que Porky es un buen alcalde si todo Lima parece un mercado lleno de informalidad el parque cÃ­vico Abancay un caos de triciclos cn megÃ¡fonos y asÃ­ mÃ¡s ! De seguridad ni hablar,Normal,0,0,0,0.39793099951998434,0,189
324,la gente tampoco tiene plata para pagar papaeletas de velocidad esa plata es para pagar los estudios de sus hijos,Normal,0,0,0,0.3171847012981765,0,113
325,"no entiendo como alguna gente prefiere a castillo q a rafael un hombre muy destacado en todo lo que hizo, el otro apenas puede hablar con esfuerzo.",Normal,0,0,0,0.2785184152970405,0,147
326,PORKY PRESIDENTE ğŸ˜,Alta sospecha (ambos),2,1,1,1.0,0,18
327,Porky 2026 es la clave,Normal,0,0,0,0.7279178877466694,0,22
328,"La mejor motivaciÃ³n es el hambre. Me quedarÃ© con esa frase, bien RLA.",Normal,0,0,0,0.40526101716656937,0,69
329,"Votemos por Porky
un Empresario a carta cabal",Normal,0,0,0,0.6674096271160591,0,45
330,,Normal,0,0,0,0.0,1,0
331,chanchito presidente del PerÃº 2026 =2031 el pais no deja de crecer,Normal,0,0,0,0.725671776906807,0,66
332,Porky Presidente en primera vuelta.....Â¡Â¡Â¡Vamos PerÃº!!!,Normal,0,0,0,0.7769423571239653,0,55
333,no se su palabra no es para creer a lo largo de sus campaÃ±as polÃ­ticas el mismo se contradijo y se olvidÃ³ de sus actos,Normal,0,0,0,0.3984096292800395,0,118
334,,Normal,0,0,0,0.0,1,0
335,,Normal,0,0,0,0.0,1,0
336,No votes por ninguno de estos partidos !!,Normal,0,0,0,0.5656604261720155,0,41
337,Porky el terror de la mafia roja caviar izquierdista filo terrorista que dirige el delincuente comunista filo terruco Gustavo Gorriti compinche de la mafia de ODEBRECHT.,Normal,0,0,0,0.6363995131876985,0,169
338,"lloren rojos, lloren. estÃ¡ vez no habrÃ¡ Castillo que los salve!",Normal,0,0,0,0.4078445939837512,0,63
339,Porky presidente el si trabajağŸ˜‚ğŸ˜ğŸ˜,Normal,0,0,0,0.5740915090821359,0,33
340,buena,Normal,0,0,0,0.4973295508344346,0,5
341,,Normal,0,0,0,0.0,1,0
342,Ã‰l es el cambio,Normal,0,0,0,0.4151537382591155,0,15
343,Porky es un gran ejemplo a seguir,Normal,0,0,0,0.5428388597967141,0,33
344,Rafael Presidente del Peru ğŸ‡µğŸ‡ªğŸ’–âœ,Normal,0,0,0,1.0000000000000002,1,31
345,no aprendiÃ³ nadae,Normal,0,0,0,1.0,1,17
346,Porky Presidente Obras SI unidos lo Lograremos,Normal,0,0,0,1.0000000000000002,1,46
347,Porky presidente,Normal,0,0,0,1.0,1,16
348,"ya, ahora paga tu deuda con SUNAT",Normal,0,0,0,1.0000000000000002,1,33
349,Grande nuestro Porky ğŸ˜ğŸ‡µğŸ‡ªğŸ’ªğŸ‘ğŸ©µğŸ¥°,Normal,0,0,0,0.4072443825824958,0,28
350,ğŸ’œRafael Lopez Aliaga Presidente ğŸ’•,Alta sospecha (ambos),2,1,1,1.0000000000000002,1,33
351,Lo mejor que le pasÃ³ es no haber estado en la catÃ³lica sino hubiÃ©ramos perdido a Rafael y lo hubieran adoctrinado,Normal,0,0,0,0.39854286669998773,0,113
352,@Isaac dime uno como Ã©l bro...,Alta sospecha (ambos),2,1,1,0.4258865734471566,0,30
353,@Richard YarlaquÃ©,Alta sospecha (ambos),2,1,1,0.0,0,17
354,@st ğŸ¤£,Alta sospecha (ambos),2,1,1,0.0,0,5
355,ğŸ¥°ğŸ¥°ğŸ¥°,Normal,0,0,0,0.0,1,3
356,ğŸ˜ğŸ˜ğŸ˜,Normal,0,0,0,0.0,1,3
357,ğŸ’ªğŸ’ªğŸ’ª,Normal,0,0,0,0.0,1,3
358,ğŸ¥°,Normal,0,0,0,0.0,1,1
359,ğŸ’¯ğŸ’¯ğŸ’¯,Normal,0,0,0,0.0,1,3
360,â˜º,Normal,0,0,0,0.0,0,1
361,âœ¨,Normal,0,0,0,0.0,0,1
362,ğŸ˜³ğŸ˜³ğŸ˜³,Normal,0,0,0,0.0,1,3
363,â¤,Normal,0,0,0,0.0,0,1
364,â¤ï¸,Normal,0,0,0,0.0,0,2
365,ğŸ¥°,Normal,0,0,0,0.0,1,1
366,ğŸ‘ğŸ‘ğŸ‘,Normal,0,0,0,0.0,1,3
367,ğŸ˜‚ğŸ˜‚ğŸ˜‚ğŸ˜‚,Normal,0,0,0,0.0,0,4
368,@Rafael LÃ³pez Aliaga,Alta sospecha (ambos),2,1,1,1.0000000000000002,0,20
369,ğŸ˜‚ğŸ˜‚ğŸ˜‚,Normal,0,0,0,0.0,1,3
370,ğŸ˜‚ğŸ˜‚ğŸ˜‚,Normal,0,0,0,0.0,1,3
371,ğŸ˜‚ğŸ˜‚ğŸ˜‚,Normal,0,0,0,0.0,1,3
372,ğŸ˜³ğŸ˜³ğŸ˜³,Normal,0,0,0,0.0,1,3
373,ğŸ¥°,Normal,0,0,0,0.0,1,1
374,ğŸ˜ŒğŸ˜ŒğŸ˜Œ,Normal,0,0,0,0.0,0,3
375,ğŸ˜ğŸ˜ğŸ˜,Normal,0,0,0,0.0,1,3
376,ğŸ˜³ğŸ˜³ğŸ˜³,Normal,0,0,0,0.0,1,3
377,ğŸ˜³,Normal,0,0,0,0.0,0,1
378,ğŸ¥°,Normal,0,0,0,0.0,1,1
379,PORKY EL PUEBLO ESTA CONTIGO PRESIDENTE,Normal,0,0,0,0.4742848262381152,0,39
380,vamos porky,Normal,0,0,0,1.0,1,11
381,Rafael LÃ³pez Aliaga Presidente 2026,Normal,0,0,0,0.8290224008782463,0,35
382,ğŸ¥°,Normal,0,0,0,0.0,1,1
383,@Rafael LÃ³pez Aliaga PRÃ“XIMO PRESIDENTE DEL PERÃš ğŸ‡µğŸ‡ª,Alta sospecha (ambos),2,1,1,0.9084270358233812,0,51
384,ğŸ¥°ğŸ¥°ğŸ¥°,Normal,0,0,0,0.0,1,3
385,ğŸ˜‚,Normal,0,0,0,0.0,1,1
386,ğŸ‡µğŸ‡ªğŸ’–,Normal,0,0,0,0.0,0,3
387,ğŸ’ª,Normal,0,0,0,0.0,0,1
388,ğŸ¥°ğŸ¥°ğŸ¥°,Normal,0,0,0,0.0,1,3
389,ğŸ’¯ğŸ’¯ğŸ’¯,Normal,0,0,0,0.0,1,3
390,ğŸ˜‚ğŸ˜‚ğŸ˜‚,Normal,0,0,0,0.0,1,3
391,ğŸ˜‚,Normal,0,0,0,0.0,1,1
392,ğŸ¥°ğŸ¥°ğŸ¥°,Normal,0,0,0,0.0,1,3
393,ğŸ˜³ğŸ˜³ğŸ˜³,Normal,0,0,0,0.0,1,3
394,ğŸ˜‚,Normal,0,0,0,0.0,1,1
395,ğŸ’¯ğŸ’¯ğŸ’¯,Normal,0,0,0,0.0,1,3
396,ğŸ‘ğŸ‘ğŸ‘ğŸ‘ğŸ‘ğŸ‘ğŸ™,Normal,0,0,0,0.0,1,7
397,ğŸ‘,Normal,0,0,0,0.0,1,1
398,"@Rafael LÃ³pez Aliaga-Presidente2026
@RegionLaLibertad-Presente",Alta sospecha (ambos),2,1,1,1.0000000000000002,1,62
399,Rafael LÃ³pez Aliaga presidente!!,Normal,0,0,0,1.0000000000000002,0,32
400,ğŸ˜,Normal,0,0,0,0.0,1,1
401,@RafaelPresidente_2026,Alta sospecha (ambos),2,1,1,0.0,1,22
402,ğŸ˜³ğŸ˜³ğŸ˜³,Normal,0,0,0,0.0,1,3
403,ğŸ˜‚ğŸ˜‚ğŸ˜‚ğŸ˜‚ğŸ˜‚ğŸ˜‚ğŸ˜‚ğŸ˜‚,Normal,0,0,0,0.0,1,8
404,Por eso votarÃ© por @Rafael LÃ³pez Aliaga ğŸ‘,Alta sospecha (ambos),2,1,1,1.0000000000000002,1,41
405,ğŸ¥°ğŸ¥°ğŸ¥°,Normal,0,0,0,0.0,1,3
406,ğŸ¥°ğŸ¥°ğŸ¥°,Normal,0,0,0,0.0,1,3
407,ğŸ‘ğŸ‘ğŸ‘,Normal,0,0,0,0.0,1,3
408,ğŸ‘ğŸ‘ğŸ‘,Normal,0,0,0,0.0,1,3
409,ğŸ’ªğŸ’ªğŸ’ª,Normal,0,0,0,0.0,1,3
410,ğŸ¥°ğŸ¥°ğŸ¥°,Normal,0,0,0,0.0,1,3
411,ğŸ¤£ğŸ¤£ğŸ¤£ğŸ¤£,Normal,0,0,0,0.0,1,4
412,MAS OBRAS EN TODO EL PAISğŸ©µğŸ©µPOR MENOS MINISTERIOS Y HALLA DINERO PARA OBRAS ğŸ©µğŸ©µ RAFAEL LOPEZ ALIAGA. LA.MEJOR OPCION,Normal,0,0,0,0.3942636498387054,0,114
413,Dios te bendiga grandemente Rafael LÃ³pez Aliaga Presidente del Peru,Normal,0,0,0,0.5684261030051643,0,67
414,ERES EL MEJOR RAFAEL LÃ“PEZ ALIAGA PRESIDENTE DEL PERÃš ğŸ‡µğŸ‡ª 2026,Sospecha media (uno),1,1,0,0.8423030378186442,0,61
415,"En el PerÃº necesitamos Infraestructura, EDUCACION, Limpieza, y CORRUPCION ""0"". Leyes mÃ¡ximas para el Crimen y Corruptos!!! Y Rafael LÃ³pez Aliaga cÃ³mo PRESIDENTE. !!!!!",Alta sospecha (ambos),2,1,1,0.5181600777647596,0,167
416,Rafael LÃ³pez Aliaga R Presidente del PerÃº ğŸ‡µğŸ‡ª,Normal,0,0,0,1.0,0,44
417,"Yo estoy votando por Porky, porque no quiero ver al fujimorismo en segunda vuelta ğŸ—¿ğŸ—¿",Normal,0,0,0,0.2665361419706498,0,84
418,"En 1ra vuelta ğŸ‡µğŸ‡ª 2026
A sumarse como personeros, a nivel nacional, inscribirse en el local del partido de cada localidad.ğŸ‘",Sospecha media (uno),1,0,1,0.4287900465919287,0,122
419,ğŸ©µ Presidente del PerÃº 2026 Rafael LÃ³pez Aliaga ğŸ©µ gracias ğŸ™ğŸ‘ğŸ‘ğŸ‘,Normal,0,0,0,0.8699507778740379,0,61
420,keiko 2026 2050,Normal,0,0,0,0.3776661007686155,0,15
421,"Dios por favor nuestro sufrido pais necesita un hombre inteligente ,con congestion y con fortaleza, por favor hagamos que llegue a la presidencia ğŸ‡µğŸ‡ªğŸ‡µğŸ‡ªğŸ‡µğŸ‡ªğŸ‡µğŸ‡ªğŸ©µğŸ©µğŸ©µğŸ©µ",Normal,0,0,0,0.5300368264202279,0,158
422,"OjalÃ¡ El PerÃº sea mÃ¡s consciente en quien votar ,Aliaga es hombre instruido,culto y ha sacado 270proyectos en menos de 3aÃ±os como alcalde.",Normal,0,0,0,0.2571707100459145,0,138
423,"ME CONVENCI AHORA YA SE POR QUIEN VOTAR
PORKY PRESIDENTE ğŸ™ğŸ™ğŸ™ğŸ™",Normal,0,0,0,0.4104165959049289,0,61
424,xkremnto,Normal,0,0,0,0.0,1,8
425,"Porky, el mesÃ­as de la libertad mental. No mÃ¡s pobres en un paÃ­s rico, realidad o ilusiÃ³n. ğŸ˜ğŸ‡µğŸ‡ªğŸ’™ğŸ‘",Normal,0,0,0,0.6363995131876985,0,96
426,RAFAEL LÃ“PEZ ALIAGA FUTURO PRESIDENTE DEL PERÃš DIGNO DE SEGUIR SUS PASOS NOS AYUDARÃ A LIMPIAR EL PAÃS DE TODA ESTA PORQUERÃA QUE HA SEMBRADO LA IZQUIERDA COMUNISTA TERRORISTA,Sospecha media (uno),1,1,0,0.48570875402254216,0,175
427,"PORKI VOTARÃ‰ PIR PORKI???
PORKI NO ES RATERO!!!
LEI TAMBIÃ‰N SU ""HOJA DE VIDA"" Y AL COMPARARLA EMPECÃ‰ A ""COMPARTIR"" SU TRABAJO COMO ALCALDE PARA Q ""TODOS"" LOS OCIOSOS SUPIERAN !!! LES SIGO LLEVANDO ""EL PLATO"" A SU CAMA !!!",Alta sospecha (ambos),2,1,1,0.368645581285457,0,221
428,PORKY PRESIDENTE PRIMERA VUELTA,Normal,0,0,0,0.7081337713505005,0,31
429,q buenooo. un. hombreeee que emlrzooo de abajo. un. hombre. q conoce vpobreza dice muchooo,Normal,0,0,0,0.5767096844686014,0,90
430,Testaferro de Alberto fujimori. Xd palos que no saben,Normal,0,0,0,0.4675520168856804,0,53
431,Porki a ti no te importa la gente pobre tampoco quieres hacer algo por ellos si la verdad te dan nauseas,Normal,0,0,0,0.3508965888956122,0,104
432,"El cerdo tiene buenas propuestas, pero lamentablemente su palabra no vale nada, si no miren como dejÃ³ Lima, endeudado, caos, ambulantes por todos lados, inseguridad, dijo que Lima serÃ­a potencia mundial, pero dejo solo en potencia del caos e inseguridad. No sÃ© dejen engaÃ±ar por un charlatÃ¡n y lo peor el y su gente te insultan si piensas diferente a ellos, ese tipo de presidente desean? Es tiempo de reflexionar.",Alta sospecha (ambos),2,1,1,0.4410916494681742,0,414
433,este ladrÃ³n corrupto es testaferro de fujimori y Vladimiro Montesinos le dieron gratis el mejor hotel del cuzco y el tren gratis,Normal,0,0,0,0.26618108976623783,0,128
434,"No necesita plata para robar viva Porky no es como,AcuÃ±a el enano que se quiere atragantar de dinero",Normal,0,0,0,0.35299216933942273,0,100
435,"El cuento de Toledo que era lustrador de botas y ahora este mitÃ³mano con su narrativa, es un fanfarrÃ³n y la periodista tambiÃ©n primer puesto de la Universidad de lima, pero se nota de lejos que son personas especiales que necesitÃ¡n urgente un tratamiento psicolÃ³gico.",Normal,0,0,0,0.4136661127436917,0,267
436,AHORA LOS NECIOS Y TESTARUDOS DIRAN QUE PORKY ES UN RATERO .... ESTE SR. ES UN EJEMPLO DE ESFUERZO DE HUMILDAD Y ESFUERZO ...,Normal,0,0,0,0.569013113139071,0,125
437,EL COMANDO DE LOS CERROS CON PORKY PRESIDENTE,Sospecha media (uno),1,1,0,0.5618733997485788,0,45
438,Grupo romero??,Alta sospecha (ambos),2,1,1,0.0,0,14
439,Porky Presidente ğŸ’•ğŸ’•ğŸ’•ğŸ’•ğŸ’•ğŸ’•,Normal,0,0,0,1.0,0,23
440,Porky Presidente !! 2026,Normal,0,0,0,1.0000000000000002,0,24
441,tienen algÃºn grupo de WhatsApp??,Sospecha media (uno),1,0,1,0.4205637515822729,0,32
442,"yo pensÃ© que lo que se milia, era la caÃ±a de azÃºcar..",Normal,0,0,0,0.5015271634786383,0,53
443,"RAFAEL LÃ“PEZ por favor pasa x un FILTRO a la GENTE que te va acompaÃ±ar en tu CAMPAÃ‘A, RETIRA a PATRICIA CHIRINOS esa INDIVIDUA es de lo PEOR ğŸ˜¡ğŸ˜¡",Sospecha media (uno),1,0,1,0.35523507376967367,0,143
444,Por mÃ¡s que lo escucho no le creo nadağŸ¤— no pasa nada el puerco,Normal,0,0,0,0.6953142805484323,0,62
445,"Es mitomano, de seguro su viejo lo vio de vago y lo puso a chambear en su empresa de Piura",Normal,0,0,0,0.4380767764433507,0,90
446,"Â¿Alguien le cree?
Â¿Doce mil dÃ³lares moliendo azÃºcar?
Â¿A quiÃ©n pretende engaÃ±ar?
Seguro todos los peruanos recibimos una concesiÃ³n del Estado, nos volvimos millonarios y por eso nos podemos sentir identificados con Ã©l.
Ahora que se ha hecho millonario que pague sus impuestos, sinvergÃ¼enza",Alta sospecha (ambos),2,1,1,0.3511031611098476,0,288
447,potencia brutal ğŸ€,Normal,0,0,0,1.0,0,17
448,"claro o sea despuÃ©s decir, cÃ³mo deseo que el dÃ³lar suba para que los pobres sufran, eso es el enfermo",Normal,0,0,0,0.40672567963228795,0,101
449,porky presidente,Normal,0,0,0,1.0,1,16
450,Cuando fujimori era presidente le regalÃ³ los trenes de machu pichu y el hotel del cuzco que ya se vencio la fecha para devolverlos pero se escuda en sus abogados con leguyadas para no entregarlos asi cualquiera se hace millonario,Normal,0,0,0,0.40085142748288627,0,229
451,No te basta todas las mentiras que dijo antes de ser alcalde dÃ³nde estÃ¡ lima la ciudad del primer mundo ?,Normal,0,0,0,0.3645787724998329,0,105
452,"ESTE INEPTO COMO VA SER EMPRESARIO EXITOSO SI LIMA LO DEJO UNA DESCRACIA TAMBIEN MUNICIPALIDAD DE LIMA ES EMPRESA NO ERES EMORESARIO ERES TESTAFERRO DE LA KEIKO MENTIROSO MAFIOSO NO DAR NI UN VOTO A ESTE SEÃ‘OR QUE ENGAÃ‘A AL PUEBLO SOLO LO HACE CON DINERO PAGANDO
CUANDO NO ESTE TIPA OPERADOR POLITICO LEIVA SICARIO DE LA INFORMACION .",Alta sospecha (ambos),2,1,1,0.3365663420550658,0,334
453,"Falso vengan averiguar al distrito de Pomalca, provincia de Chiclayo, su padre era hombre de confianza de los hacendados de la Azucarera Pomalca (Los Piedras)",Normal,0,0,0,0.5974239319900828,0,158
454,Mi futuro presidente del PerÃº! Porky!,Normal,0,0,0,0.9698488188747741,0,37
455,Horror! tal para cuÃ¡l,Normal,0,0,0,0.37408659459684485,0,21
456,deja obras inconclusas.....trae trenes solo para almacenarlos y luego no van a servir para nada...mientras que chile ya tiene su primer tren bala y elÃ©ctrico y este corrupto nos trae pura chatarra...a ran los ojos..pulpines,Normal,0,0,0,0.26422979150301223,0,223
457,de abajo seÃ±ores salio de abajo como muchosnperuanos,Normal,0,0,0,0.7174679944936402,0,52
458,te vinculan con keiko que tienes que decir?ğŸ˜¡ğŸ˜¡,Sospecha media (uno),1,0,1,0.5055418328489972,0,45
459,"VIVA LOS RIOS DE AMOR!! PORKY PROXIMO PRESIDENTE DEL PERÃš 2026 !!ğŸ©µğŸ©µğŸ©µğŸ©µğŸ©µğŸ©µğŸ©µğŸ©µğŸ©µğŸ©µğŸ©µğŸ©µğŸ©µğŸ©µğŸ©µğŸ©µğŸ©µğŸ’¯
La gente despertÃ³ del letargo y se dio cuenta que conÂ  la izquierdaÂ  y los rojos ...no se avanza.
Las obras de Porky hablan por sÃ­ solas.
Vamos a cuidar los votos de RENOVACION POPULAR ya que un congreso dividido sin contar con mayorÃ­a entorpece la gestiÃ³n de Presidente.
Tenemos que ganar con una diferencia arrolladora.",Alta sospecha (ambos),2,1,1,1.0,1,405
460,"El PERUğŸ‡µğŸ‡ª AVANZA
PORKY PRESIDENTE DEL ğŸ‡µğŸ‡ª del 2026 AL 2036",Alta sospecha (ambos),2,1,1,1.0,1,57
461,Ing Rafael LÃ³pez Aliaga presidente del PerÃº ğŸ‡µğŸ‡ªğŸŒŠğŸŒŠğŸŒŠ,Normal,0,0,0,0.8251064868594421,0,49
462,rafo elimina la excesiva burocracia del estado y seguro te la llevas en una,Normal,0,0,0,0.398708638916324,0,75
463,"Mi presi que sÃ­ hace obras, Ã©l sÃ­ irÃ¡ a verificar que se hagan las obras en provincia ya que ya que el suele ir a supervisar las obras que estÃ¡n en proceso ya que es necesario ir porque los alcaldes regionales usan a su conveniencia lo que se destina a estas obras",Normal,0,0,0,0.37103375906427327,0,264
464,esta confesando el origen de su sÃ­ndrome,Normal,0,0,0,0.4742848262381152,0,40
465,porki presidente,Normal,0,0,0,1.0,1,16
466,"MI BOTO ES PARA USTD
Y MANO DURO CON LOS MALANDROS
Y LA PENCION PARA LOS VIEJITOS DE LA TERSERA EDAD A TODOS",Normal,0,0,0,0.43069918626446596,0,108
467,es un chiste este personaje todo lo que ase para no ir a la carcel,Normal,0,0,0,0.3617170801271817,0,66
468,como puede ser potencia el peru si trajo trenes viejos y los amontono en el parque de la muralla,Normal,0,0,0,0.37450296791154597,0,96
469,EL PORKY EZ NUESTRO COMPATRIOT que quiere que PERU SEA UN PAIS MODERNO . POR ESO ASE MUCHAS OBRAS NO NECESITA ROBAR PORQUE EL ES MILLONARIO JUBILADO EN EEUU.,Normal,0,0,0,0.4037410442941547,0,157
470,Gordito tan lindo.Contando su historia..Dios lo bendiga,Normal,0,0,0,0.7718348501409019,0,55
471,habla somceras,Normal,0,0,0,0.0,0,14
472,Gamelate,Normal,0,0,0,0.0,0,8
473,su viejo era acendado xd con esto no desmerito es esfuerzo pero tampoco puede decir que viene de abajo,Normal,0,0,0,0.4322042102535302,0,102
474,recontra fujimorista ese porky,Normal,0,0,0,0.541487096664335,0,30
475,por el eso los zurdos odian a los emprendedores a los q de verdad vienen abajo.... como son tan bru. tos para crear riqueza envidian a del otro q si lo logro,Normal,0,0,0,0.5085483173771291,0,157
476,Un hombre inteligente empeÃ±ado es un ejemplo como a salido adelante es millonario Ingeniero Empresario Banquero Bisionari profesor de la UNI TeÃ³logo etc etc toda su vida a trabajado el mejor de todos no hay otro como Porky todos mis amigos y familia votarÃ¡ por Porky,Normal,0,0,0,0.35008862371860555,0,266
477,Porky presidente del PerÃº,Normal,0,0,0,0.6694706884341646,0,25
478,:ING. RAFAEL LOPEZ ALIAGA ES CAMBIO TOTAL EN NUESTRO PAIS VAMOS PORKY.ğŸ‡µğŸ‡ªğŸ‡µğŸ‡ªğŸ‡µğŸ‡ªğŸ‡µğŸ‡ªğŸ‡µğŸ‡ªğŸ‡µğŸ‡ªğŸ‡µğŸ‡ª,Alta sospecha (ambos),2,1,1,1.0000000000000002,1,84
479,esto deberÃ­a de consumir la generaciÃ³n Z y no dejarse guiar como corderos para hacer realidad lo que quieren los zurdos,Normal,0,0,0,0.41702941943817035,0,119
480,ğŸ˜,Normal,0,0,0,0.0,0,1
481,"CLARO...Y UNO SIEMPRE ASPIRA A LO MEJOR....RLA NO LA VIO FACIL X ESO MADURO RÃPIDAMENTE Y PARA BIEN....QUÃ‰ TAL PERFIL, LOS 1ROS. PUESTOS.",Normal,0,0,0,0.37408659459684485,0,137
482,"HERNÃN QUEZADA, Arequipa y el PerÃº merecen lo mejor RAFAEL LOPEZ ALIAGA CAZORLA, tendrÃ¡ en sus filas los mejores profesionales limpios sin denuncias de ningÃºn tipo y expertos en gestiÃ³n empresarial , con valores y decencia, con 4 dedos de frente, sin pelos en la lengua y sin rabo de paja!!!!!",Alta sospecha (ambos),2,1,1,0.30227749651353236,0,293
483,cuentazo...,Normal,0,0,0,0.0,0,11
484,porky presidente,Normal,0,0,0,1.0,1,16
485,"Falso, es un cuentaso,â€¦",Normal,0,0,0,0.4582586685649967,0,23
486,cuidado con este hombre escuchen sus principios de la abundancia de su â¤ï¸hablara su boca,Normal,0,0,0,0.4351366206064568,0,88
487,En PerÃº RaÃ­l hay maquinistas y jefes de maquina (trenes quÃ© transportan. Minerales de las babas y otras minas al puerto de matarani) muertos en accidentes y sus familias olvidadas. Su humanidad estÃ¡ muy por debajo de sus intereses econÃ³micos,Normal,0,0,0,0.5098385098184399,0,241
488,porki presidente,Normal,0,0,0,1.0,1,16
489,Ilustran os por favor. Â¿CuÃ¡les son sus actos de corrupciÃ³n?,Normal,0,0,0,0.5300368264202279,0,59
490,florazo porky,Normal,0,0,0,1.0,1,13
491,"paga tus impuestos, terrorista has destruido las finanzas de la Municipalidad....",Normal,0,0,0,1.0000000000000002,1,81
492,REPITENTE,Alta sospecha (ambos),2,1,1,0.0,1,9
493,ğŸ‘ğŸ‘ğŸ‘La gente inteligente y creÃ©rsela oÃ­dos sordos a los envidiosos sales adelante,Normal,0,0,0,1.0000000000000002,1,80
494,El tractor chancho tiene lÃ³gica,Normal,0,0,0,1.0,1,31
495,"que bueno que nunca se resintiÃ³ con su padre porque no pudo darle sus estudios, mÃ¡s bien buscÃ³ la soluciÃ³n a su problema",Normal,0,0,0,1.0000000000000002,1,120
496,gracias a fujimori se hizo millonario,Normal,0,0,0,1.0,1,37
497,"Yo pienso al igual q LÃ³pez Aliaga y tambiÃ©n se sufriÃ³ la violencia terrorista, q ahora los Zurdos no quieren q se les recuerde",Normal,0,0,0,1.0000000000000002,1,126
498,"FUTURO PRESIDENTE ğŸ‡µğŸ‡ª .
.PORKY â¤ï¸ğŸ‘ğŸ‘ğŸ‘ğŸ‘",Sospecha media (uno),1,0,1,0.6751208755798267,0,36
499,ğŸ¥°ğŸ¥°ğŸ¥°,Normal,0,0,0,0.0,1,3
500,"no la tuvo facÃ­l , se esforzÃ³ y lo logrÃ³ ..Dios lo bendiga",Normal,0,0,0,0.7718348501409019,0,58
501,"VIVA LOS RIOS DE AMOR!! PORKY PROXIMO PRESIDENTE DEL PERÃš 2026 !!ğŸ©µğŸ©µğŸ©µğŸ©µğŸ©µğŸ©µğŸ©µğŸ©µğŸ©µğŸ©µğŸ©µğŸ©µğŸ©µğŸ©µğŸ©µğŸ©µğŸ©µğŸ’¯
La gente despertÃ³ del letargo y se dio cuenta que conÂ  la izquierdaÂ  y los rojos ...no se avanza.
Las obras de Porky hablan por sÃ­ solas.
Vamos a cuidar los votos de RENOVACION POPULAR ya que un congreso dividido sin contar con mayorÃ­a entorpece la gestiÃ³n de Presidente.
Tenemos que ganar con una diferencia arrolladora.",Alta sospecha (ambos),2,1,1,1.0,1,405
502,porque le faltBs puntos para ser becado,Normal,0,0,0,1.0000000000000002,1,39
503,ğŸ˜ˆğŸ˜ˆ,Normal,0,0,0,0.0,1,2
504,ğŸ¥°ğŸ¥°ğŸ¥°,Normal,0,0,0,0.0,1,3
505,"Un gran ejemploa seguir, si queremos ser grandes tenemos que seguir el ejemplo del futuro PRESIDENTE DE NUESTRA PATRIA. Vamos peruanos @SE PUEDE",Alta sospecha (ambos),2,1,1,0.4689743096320809,0,144
506,ğŸ‘ğŸ‘ğŸ‘,Normal,0,0,0,0.0,1,3
507,ğŸ’œRafael Lopez Aliaga Presidente ğŸ’•,Alta sospecha (ambos),2,1,1,1.0000000000000002,1,33
508,rafa eres uno de los nuestros emprendedores,Normal,0,0,0,0.41017540598419294,0,43
509,Mas falso su viejo era ingeniero trabaja en las mejores compaÃ±Ã­a de esa epoca,Normal,0,0,0,0.39265165874713714,0,77
510,:ING. RAFAEL LOPEZ ALIAGA ES CAMBIO TOTAL EN NUESTRO PAIS VAMOS PORKY.ğŸ‡µğŸ‡ªğŸ‡µğŸ‡ªğŸ‡µğŸ‡ªğŸ‡µğŸ‡ªğŸ‡µğŸ‡ªğŸ‡µğŸ‡ªğŸ‡µğŸ‡ª,Alta sospecha (ambos),2,1,1,1.0000000000000002,1,84
511,"para moler caÃ±a en que momento si estudiaba en Piura, ojo chiclayo-piura hay 3 HRS de viaje y dice q molia caÃ±a todos los dÃ­as.....!!!",Sospecha media (uno),1,0,1,0.4390219827134871,0,134
512,"Porky Presidente.
Comunismo nunca mÃ¡s porque destrozan un pais, ellos solo siembran hambre , miseria, destrucciÃ³n y muerte.",Normal,0,0,0,0.45345182788542,0,123
513,ğŸ‘ğŸ‘ğŸ‘ğŸ‘ğŸ‘ğŸ‘ğŸ‘,Normal,0,0,0,0.0,0,7
514,"ING RAFAÃ‰L LÃ“PEZ ALIAGA PRESIDENTE DEL PERÃš EN PRIMERA VUELTA, GRAN GESTOR ,ğŸ‡µğŸ‡ªğŸ‡µğŸ‡ªğŸ‡µğŸ‡ªğŸ‡µğŸ‡ªğŸ‡µğŸ‡ªğŸ‡µğŸ‡ªğŸ‡µğŸ‡ª",Normal,0,0,0,0.8711346418962261,0,90
515,LOS CAVIARES LLORAN DE MIEDO,Normal,0,0,0,0.8101949268074616,0,28
516,ğŸ‘ğŸ‘ğŸ‘,Normal,0,0,0,0.0,1,3
517,ğŸ‘ğŸ‘ğŸ‘,Normal,0,0,0,0.0,1,3
518,Â¿El gerente general de la principal y cuasi Ãºnica azucarera no podÃ­a pagar una universidad privada? Â¡Aaah ya!,Normal,0,0,0,0.3831846222529685,0,109
519,Porky es millonario Gracias al corrupto del chino. tremendo testaferro.ğŸ’€ğŸ’€ğŸ’€ğŸ’€,Normal,0,0,0,0.3830708087309702,0,75
520,"con lo mit*mano que es, no se si creer esto?ğŸ¤”",Normal,0,0,0,0.2897233172730642,0,45
521,RLA ğŸ©µğŸ©µğŸ©µğŸ©µğŸ©µ,Normal,0,0,0,0.8972467753290048,0,9
522,Quien se hizo millonario trabajando ese cuento de RLA,Normal,0,0,0,1.0000000000000002,1,53
523,xkremnto,Normal,0,0,0,0.0,1,8
524,ğŸ˜‚ğŸ˜‚ğŸ˜‚ğŸ˜‚ğŸ˜‚ğŸ˜‚ğŸ˜‚ğŸ˜‚,Normal,0,0,0,0.0,1,8
525,ğŸ‘ğŸ‘ğŸ‘La gente inteligente y creÃ©rsela oÃ­dos sordos a los envidiosos sales adelante,Normal,0,0,0,1.0000000000000002,1,80
526,El tractor chancho tiene lÃ³gica,Normal,0,0,0,1.0,1,31
527,"que bueno que nunca se resintiÃ³ con su padre porque no pudo darle sus estudios, mÃ¡s bien buscÃ³ la soluciÃ³n a su problema",Normal,0,0,0,1.0000000000000002,1,120
528,gracias a fujimori se hizo millonario,Normal,0,0,0,1.0,1,37
529,RAFAEL PRESIDENTE 2026 ğŸ’™ğŸ’™ğŸ’™,Alta sospecha (ambos),2,1,1,1.0,1,26
530,y lo que te regalÃ³ Fujimori?,Normal,0,0,0,1.0,1,28
531,"Yo pienso al igual q LÃ³pez Aliaga y tambiÃ©n se sufriÃ³ la violencia terrorista, q ahora los Zurdos no quieren q se les recuerde",Normal,0,0,0,1.0000000000000002,1,126
532,Grande Rafael!,Normal,0,0,0,1.0000000000000002,1,14
533,Ejemlo a seguir,Normal,0,0,0,1.0,1,15
534,chatarreroğŸ˜‚ğŸ˜‚ğŸ˜‚ğŸ˜‚,Normal,0,0,0,0.0,0,14
535,Por eso votarÃ© por @Rafael LÃ³pez Aliaga ğŸ‘,Alta sospecha (ambos),2,1,1,1.0000000000000002,1,41
536,molia azÃºcar? era dueÃ±o de alguna fabrica o alquilaba,Sospecha media (uno),1,1,0,1.0,1,53
537,Alguien de pueblo y univ estatal q se esforzo como muchos jovenes siguen lichando ahora. Asi q no nos equivoquemos al votar otra vez ğŸ˜,Sospecha media (uno),1,1,0,1.0000000000000002,1,134
538,ğŸ¥°ğŸ¥°ğŸ¥°,Normal,0,0,0,0.0,1,3
539,"jiji, cualquiera le cree",Normal,0,0,0,1.0000000000000002,1,24
540,PORKY PRESIDENTE,Alta sospecha (ambos),2,1,1,1.0,1,16
541,Los chiclayanos lo recordamos asÃ­.,Normal,0,0,0,1.0000000000000002,1,34
542,yo vine a vender en un mercado y a estivar para poder tener pasaje e ir a una Nacional tambien.,Normal,0,0,0,1.0,1,95
543,"te admiro gordito, quiero tener la mitad de la fÃ© que tienes.",Normal,0,0,0,0.5055418328489972,0,61
544,ğŸ¥°ğŸ¥°ğŸ¥°,Normal,0,0,0,0.0,1,3
545,RLA (Porky) presidente del PerÃº 2026 en primera vuelta.,Normal,0,0,0,0.6931792921609156,0,55
546,quien le cree,Normal,0,0,0,1.0000000000000002,1,13
547,ğŸ‘ğŸ‘ğŸ‘,Normal,0,0,0,0.0,1,3
548,ğŸ‘ğŸ‘ğŸ‘,Normal,0,0,0,0.0,1,3
549,"ğŸ‘ŒğŸ‘ŒğŸ’•lo mÃ¡ximo, mi futuro presidente ğŸ¥°ğŸ¥°ğŸ™ğŸ™",Alta sospecha (ambos),2,1,1,1.0,1,39
550,"Ser perseverante no es igual a ser inteligente, aunque muchos no distingan bien la diferencia, por eso dicen que su gestiÃ³n municipal es buena, a pesar de haber comprado alimentos en mal estado y chatarras, haciendo piscinas insalubres y obras a medio construir.
Confunden a lo que se le podria llamar eficacia, a lo mucho, con eficiencia, pero como buen empresario que vende humo, ataranta a muchos diciendo que es un genio para solucionar problemas, pero de quÃ© manera?",Alta sospecha (ambos),2,1,1,1.0,1,471
551,que me den la concesiÃ³n de los ferrocarriles y me vuelvo empresario,Normal,0,0,0,1.0000000000000002,1,67
552,"****Mi futuro Presidente, si lo tocan la poblaciÃ³n se va levantar como unos lobos***",Normal,0,0,0,1.0,1,84
553,cÃ³mo hago para hablar con Rafael a dÃ³nde tengo que ir,Normal,0,0,0,1.0000000000000002,1,53
554,ğŸ˜‚,Normal,0,0,0,0.0,1,1
555,no aprendiÃ³ nadae,Normal,0,0,0,1.0,1,17
556,...y serÃ¡s el mejor presidente del PerÃº y en primera vuelta ğŸ‘,Normal,0,0,0,1.0,1,61
557,ğŸ’¯ğŸ’¯ğŸ’¯,Normal,0,0,0,0.0,1,3
558,ğŸ‘ğŸ‘ğŸ‘ğŸ‘ğŸ‘ğŸ‘ğŸ™,Normal,0,0,0,0.0,1,7
559,"Es el Ãºnico que sabe, es el Ãºnico que sabe como. ğŸ’ª",Normal,0,0,0,1.0000000000000002,1,50
560,florazo porky,Normal,0,0,0,1.0,1,13
561,"paga tus impuestos, terrorista has destruido las finanzas de la Municipalidad....",Normal,0,0,0,1.0000000000000002,1,81
562,HahahağŸ˜‚ğŸ˜‚ğŸ˜‚ğŸ˜‚,Sospecha media (uno),1,1,0,0.0,1,10
563,Porky Presidente Obras SI unidos lo Lograremos,Normal,0,0,0,1.0000000000000002,1,46
564,ğŸ‘,Normal,0,0,0,0.0,1,1
565,"Rafa ,,Que Buena MOTIVACION Para Este Seguidor Tuyo , y OjalÃ¡ Lo Tomen Muchas JUVENTUDES !!!...Yesssss....",Alta sospecha (ambos),2,1,1,1.0,1,106
566,REPITENTE,Alta sospecha (ambos),2,1,1,0.0,1,9
567,Habla como gobierna: pÃ©simo,Normal,0,0,0,0.4258865734471566,0,27
568,Porky 2026 â¤ï¸ğŸ‡µğŸ‡ªâ™¥ï¸ğŸ©µğŸ©µ,Normal,0,0,0,1.0,1,19
569,"@Rafael LÃ³pez Aliaga-Presidente2026
@RegionLaLibertad-Presente",Alta sospecha (ambos),2,1,1,1.0000000000000002,1,62
570,"Vamos porky, se como es tu historia y serias lo mejor para el PerÃº",Normal,0,0,0,1.0000000000000002,1,66
571,ğŸ˜,Normal,0,0,0,0.0,1,1
572,asÃ­ se hacen grandes con esfuerzo,Normal,0,0,0,1.0000000000000002,1,33
573,@RafaelPresidente_2026,Alta sospecha (ambos),2,1,1,0.0,1,22
574,Porky presidente,Normal,0,0,0,1.0,1,16
575,ver violencia? hoy hay mas violencia y no haces nada,Sospecha media (uno),1,1,0,1.0,1,52
576,capo!,Sospecha media (uno),1,1,0,1.0,1,5
577,"ya, ahora paga tu deuda con SUNAT",Normal,0,0,0,1.0000000000000002,1,33
578,vino desde abajo con MONTESINOS,Normal,0,0,0,1.0,1,31
579,ğŸ˜³ğŸ˜³ğŸ˜³,Normal,0,0,0,0.0,1,3
580,Que tal libreto y como la prensa vendida lo auspicia toda se la saben corrupciÃ³n nada mÃ¡s,Normal,0,0,0,1.0,1,89
581,como ellos no van a tener dinero Â¿cree que nacimos ayer?,Normal,0,0,0,0.332070344513178,0,56
582,ğŸ‘ğŸ‘ğŸ‘ğŸ‘,Normal,0,0,0,0.0,0,4
583,â¤ï¸ğŸ©µğŸ’ªğŸ™ğŸ‡µğŸ‡ª,Alta sospecha (ambos),2,1,1,0.0,0,7
584,,Normal,0,0,0,0.0,1,0
585,vamos porky,Normal,0,0,0,1.0,1,11
586,"hay bastante comentarios de gente envidiosa ğŸ˜‚,Made in PerÃº",Normal,0,0,0,0.6010461642460537,0,58
587,ğŸ˜³ğŸ˜³ğŸ˜³,Normal,0,0,0,0.0,1,3
588,Lo q dice Rafa es verdadâ€¦ la UDEP funciona asÃ­â€¦es una universidad de otro nivelâ€¦ con todo el respeto de otras universidades,Normal,0,0,0,0.48522289903153093,0,123
589,"Profe Rafael, cuentan mis viejos profesores que se enseÃ±aron en la UDEP de Piura no llegabas a clases?",Sospecha media (uno),1,1,0,1.0,1,102
590,"Ya, Porky antes q seas presidente te debo un cevichito frente a la Pedro, no te olvides de el terminal puerto Eten .",Normal,0,0,0,1.0000000000000002,1,116
591,,Normal,0,0,0,0.0,1,0
592,Capo Rafael ğŸ‘ğŸ‘ğŸ‘ un mentor que me gustarÃ­a tener ğŸ‘,Sospecha media (uno),1,0,1,0.43159165531387506,0,49
593,"nada mÃ¡s lindo que comparta de dÃ³nde vino!!!y para inspirar a quÃ© todo se puede ,y que la necesidad a veces puede ser un motor para salir adelante y ser valiente âœ¨ğŸ’ªğŸ’ª felicidades!!!,los que critican,solo saben hacer eso , criticar!!!",Alta sospecha (ambos),2,1,1,0.33078314648335466,0,232
594,un buen partido para ser presidente,Normal,0,0,0,0.4392910147875609,0,35
595,Capo!â¤,Sospecha media (uno),1,1,0,1.0,0,6
596,ğŸ˜ğŸ˜ğŸ˜,Normal,0,0,0,0.0,1,3
597,ya nos vienen con sus cuentos,Normal,0,0,0,0.31430732497280756,0,29
598,Porky la mejor opciÃ³n,Normal,0,0,0,1.0,1,21
599,ğŸ‘ğŸ‘ğŸ‘,Normal,0,0,0,0.0,1,3
600,"solo le faltÃ³ la hombrÃ­a de querer formar un hogar,le hubiera permitido tener una diferente cosmovision de la vida
una persona con una vision sÃ³lo enfocada en el trabajo y a titulo personal generar empresas sin tener vocacion de ser padre,esposo no creo pueda ser buen presidente como alcalde ha dejado cabos sueltos no por mencionar a Dios va ha tapar sus errores",Sospecha media (uno),1,1,0,0.4231479839621128,0,364
601,"Dios ilumine a mi paÃ­s, y este seÃ±or logre ser presidente",Normal,0,0,0,0.4077093653835911,0,57
602,ğŸ˜‚ğŸ˜‚ğŸ˜‚,Normal,0,0,0,0.0,1,3
603,Si son cÃ³mplices,Normal,0,0,0,0.4950384555139849,0,16
604,aÃºn siguen creyendo en sus trenes voladores,Normal,0,0,0,0.5098385098184399,0,43
605,ğŸ˜ğŸ˜ğŸ˜,Normal,0,0,0,0.0,1,3
606,"El PERUğŸ‡µğŸ‡ª AVANZA
PORKY PRESIDENTE DEL ğŸ‡µğŸ‡ª del 2026 AL 2036",Alta sospecha (ambos),2,1,1,1.0,1,57
607,"Y cuando se trepÃ³ al gobierno corrupto de Fujimori, para que tenga la fortuna corrupta?",Sospecha media (uno),1,1,0,1.0,1,87
608,"Enserio Rafael LÃ³pez Aliaga conociÃ³ lo q es subir al ""Pedrito"" y a los ""Pablitos""????? ğŸ˜²",Alta sospecha (ambos),2,1,1,0.7504081877599572,0,88
609,Daleeeeee,Normal,0,0,0,0.0,0,9
610,Aprendamos de el es un ejemplo para la juventud cuando uno se propone lo consigue a pesar q su padre no estaban en condiciones gracias a su perseverancia inteligencia y buen trabajador estÃ¡ donde estÃ¡.,Normal,0,0,0,0.34203486174299375,0,201
611,ğŸ’ªğŸ’ªğŸ’ª,Normal,0,0,0,0.0,1,3
612,el Papa no lo recibiÃ³ ... punto,Normal,0,0,0,1.0000000000000002,1,31
613,Rafael presidente un hombre con valores,Normal,0,0,0,1.0,1,39
614,testaferro ğŸ˜ğŸ˜,Normal,0,0,0,0.4675520168856804,0,13
615,ğŸ¥°ğŸ¥°ğŸ¥°,Normal,0,0,0,0.0,1,3
616,Chatarrero!!!!!!!!,Alta sospecha (ambos),2,1,1,0.0,0,18
617,pero la gente prefiere escuchar la historia de un pollo,Normal,0,0,0,0.47341812870671907,0,55
618,Moliendo azÃºcar ahorrÃ³ 12000 dÃ³lares. En quÃ© aÃ±o?,Normal,0,0,0,0.6920156442610254,0,49
619,quieras o no rafael sera nuestro presidente 2026,Normal,0,0,0,1.0,1,48
620,El cerebro humano no sÃ³lo es capaz de ser lo que quieras pero el egoÃ­smo y la envidia no te deja progresar. Es mÃ¡s fÃ¡cil juzgar. Si todas las personas se enfocaran en el objetivo como Rafael lograrÃ­an muchÃ­simas cosas. En conclusiÃ³n estudien trabajen y dejen de culpar a los demÃ¡s por las cosas.,Sospecha media (uno),1,1,0,0.3953246347973858,0,295
621,Porky presidente,Normal,0,0,0,1.0,1,16
622,ğŸ¤£ğŸ¤£ğŸ¤£ğŸ¤£,Normal,0,0,0,0.0,1,4
623,Rafael Presidente...,Normal,0,0,0,1.0,1,20
624,Pobre hombre :/,Normal,0,0,0,0.5665281732488214,0,15
625,Rafael Presidente del Peru ğŸ‡µğŸ‡ªğŸ’–âœ,Normal,0,0,0,1.0000000000000002,1,31
626,algun detractor?,Alta sospecha (ambos),2,1,1,0.0,1,16
627,vamos sr. presidente LÃ³pez Aliaga,Normal,0,0,0,1.0000000000000002,1,33
628,"Eres un crack!
No cualquiera sale de la UDEP en 4 aÃ±os.",Normal,0,0,0,1.0000000000000004,1,55
629,su evasiÃ³n de impuesto a la SUNAT como socio de varias empresas y direcciÃ³n fiscal .. empresas de cusco donde hoy estÃ¡n mal por esas empresas privadas .. nunca te dice cÃ³mo solucionar .. les miente trabaja mucho a la psicologÃ­a a las personas ..,Normal,0,0,0,0.29887933535725353,0,245
630,la gente es fÃ¡cil manipular somos copiones,Normal,0,0,0,0.48278369837700325,0,42
631,ğŸ‘Œ,Normal,0,0,0,0.0,0,1
632,ğŸ¥°ğŸ¥°ğŸ¥°,Normal,0,0,0,0.0,1,3
633,la verdad conocerte como alcalde me hizo dar cuenta q no eres mi candidato,Normal,0,0,0,0.35618319115176894,0,74
634,ojala llegue hacer presidente,Normal,0,0,0,0.4243592730749887,0,29
635,Porky presidenta,Normal,0,0,0,1.0,0,16
636,profesores europeos jajajajajka,Normal,0,0,0,0.35722433297142897,0,31
637,no finja,Normal,0,0,0,1.0,0,8
638,UDEP ğŸ¥°,Normal,0,0,0,0.448068810069437,0,6
